epoch,time,train/box_loss,train/seg_loss,train/cls_loss,train/dfl_loss,train/sem_loss,metrics/precision(B),metrics/recall(B),metrics/mAP50(B),metrics/mAP50-95(B),metrics/precision(M),metrics/recall(M),metrics/mAP50(M),metrics/mAP50-95(M),val/box_loss,val/seg_loss,val/cls_loss,val/dfl_loss,val/sem_loss,lr/pg0,lr/pg1,lr/pg2,lr/pg3,lr/pg4,lr/pg5,lr/pg6,lr/pg7
1,81.3649,1.31826,2.30677,3.23908,0.00515,3.53389,0.61579,0.51038,0.43293,0.31719,0.61228,0.50541,0.42512,0.2762,0.99052,1.54202,1.31922,0.00469,0,0.013,0.00433333,0.013,0.00433333,0.0713333,0.0626667,0.013,0.00433333
2,139.734,1.07139,1.65577,1.41184,0.00362,1.48246,0.60759,0.59636,0.6424,0.53059,0.6239,0.6018,0.65658,0.4558,1.03458,1.52177,1.91795,0.00418,0,0.026174,0.00872468,0.026174,0.00872468,0.0421997,0.0247503,0.026174,0.00872468
3,197.471,1.06638,1.60062,1.22588,0.00339,1.35835,0.77947,0.63107,0.72295,0.58739,0.78127,0.63261,0.72359,0.53243,0.98416,1.45441,1.05402,0.00405,0,0.0311382,0.0103794,0.0311382,0.0103794,0.0311382,0.0103794,0.0311382,0.0103794
4,255.274,1.0355,1.48369,1.10547,0.00329,1.08696,0.65394,0.72082,0.71037,0.56978,0.65176,0.71807,0.70365,0.48846,1.03692,1.43798,1.03079,0.00415,0,0.0311073,0.0103691,0.0311073,0.0103691,0.0311073,0.0103691,0.0311073,0.0103691
5,314.014,1.02907,1.48305,1.016,0.0032,0.86486,0.85785,0.72974,0.82089,0.68988,0.8534,0.72531,0.81271,0.60274,0.92407,1.36022,0.87177,0.00381,0,0.0310764,0.0103588,0.0310764,0.0103588,0.0310764,0.0103588,0.0310764,0.0103588
6,372.54,1.01381,1.45248,0.92791,0.0032,0.90876,0.86747,0.82703,0.8923,0.75324,0.85913,0.81828,0.87896,0.64806,0.91401,1.39554,0.82809,0.00355,0,0.0310454,0.0103485,0.0310454,0.0103485,0.0310454,0.0103485,0.0310454,0.0103485
7,430.728,0.99311,1.4055,0.90011,0.00311,0.68239,0.83642,0.82145,0.87593,0.74283,0.8791,0.78644,0.87254,0.66767,0.88675,1.34199,0.97401,0.00355,0,0.0310145,0.0103382,0.0310145,0.0103382,0.0310145,0.0103382,0.0310145,0.0103382
8,488.663,0.97418,1.40502,0.87578,0.00302,0.63138,0.82582,0.79348,0.84925,0.70826,0.82774,0.77717,0.84113,0.63253,0.8713,1.30593,0.82329,0.00357,0,0.0309836,0.0103279,0.0309836,0.0103279,0.0309836,0.0103279,0.0309836,0.0103279
9,546.649,0.97397,1.39704,0.87104,0.003,0.6531,0.85383,0.81351,0.89271,0.74374,0.85163,0.8117,0.88863,0.69418,1.01122,1.31938,0.93506,0.00382,0,0.0309527,0.0103176,0.0309527,0.0103176,0.0309527,0.0103176,0.0309527,0.0103176
10,605.128,0.97747,1.3672,0.86852,0.00303,0.54524,0.84591,0.86213,0.89916,0.7745,0.83981,0.85176,0.88596,0.6938,0.8494,1.26353,0.764,0.00322,0,0.0309218,0.0103073,0.0309218,0.0103073,0.0309218,0.0103073,0.0309218,0.0103073
11,663.5,0.96089,1.34173,0.8181,0.00287,0.49494,0.85842,0.82585,0.8929,0.76115,0.87881,0.80276,0.88002,0.68213,0.89111,1.35144,0.83119,0.00332,0,0.0308909,0.010297,0.0308909,0.010297,0.0308909,0.010297,0.0308909,0.010297
12,721.052,0.94344,1.33174,0.81301,0.00284,0.51366,0.84401,0.84308,0.90333,0.78492,0.86642,0.81597,0.89438,0.70637,0.84391,1.24744,0.76338,0.00328,0,0.03086,0.0102867,0.03086,0.0102867,0.03086,0.0102867,0.03086,0.0102867
13,780.03,0.96867,1.32448,0.80763,0.0028,0.52586,0.83685,0.8436,0.876,0.733,0.83419,0.84079,0.87031,0.68745,0.89562,1.2836,0.80324,0.0034,0,0.0308291,0.0102764,0.0308291,0.0102764,0.0308291,0.0102764,0.0308291,0.0102764
14,838.104,0.94194,1.2977,0.77685,0.00285,0.46234,0.8412,0.82495,0.88475,0.75514,0.83496,0.8183,0.87474,0.66093,0.85455,1.29722,0.78739,0.00343,0,0.0307982,0.0102661,0.0307982,0.0102661,0.0307982,0.0102661,0.0307982,0.0102661
15,897.057,0.93309,1.30837,0.77868,0.00274,0.45002,0.82733,0.84167,0.87822,0.74245,0.82453,0.83913,0.87383,0.67385,0.9353,1.36336,0.89732,0.0035,0,0.0307672,0.0102557,0.0307672,0.0102557,0.0307672,0.0102557,0.0307672,0.0102557
16,954.697,0.92707,1.28885,0.77582,0.00286,0.478,0.90806,0.85921,0.91514,0.78815,0.90138,0.85226,0.90084,0.69418,0.87632,1.26158,0.73969,0.00329,0,0.0307363,0.0102454,0.0307363,0.0102454,0.0307363,0.0102454,0.0307363,0.0102454
17,1013.65,0.93714,1.30024,0.75089,0.0027,0.43752,0.74239,0.79338,0.83915,0.70831,0.73421,0.7842,0.82618,0.6187,0.87166,1.24463,0.85623,0.00349,0,0.0307054,0.0102351,0.0307054,0.0102351,0.0307054,0.0102351,0.0307054,0.0102351
18,1070.65,0.928,1.26011,0.78351,0.00282,0.41628,0.90071,0.84817,0.9143,0.79453,0.90053,0.83858,0.90633,0.71491,0.84107,1.20344,0.734,0.00321,0,0.0306745,0.0102248,0.0306745,0.0102248,0.0306745,0.0102248,0.0306745,0.0102248
19,1128.8,0.92692,1.25334,0.74691,0.00273,0.38,0.88857,0.86914,0.91523,0.80124,0.88331,0.86195,0.90424,0.70453,0.84161,1.24024,0.73271,0.00302,0,0.0306436,0.0102145,0.0306436,0.0102145,0.0306436,0.0102145,0.0306436,0.0102145
20,1186.55,0.90979,1.24031,0.73668,0.00266,0.37794,0.83404,0.79417,0.88621,0.77022,0.83783,0.78778,0.87934,0.68945,0.82315,1.25418,0.74349,0.00309,0,0.0306127,0.0102042,0.0306127,0.0102042,0.0306127,0.0102042,0.0306127,0.0102042
21,1245.18,0.90808,1.22614,0.72932,0.00265,0.49393,0.89017,0.85294,0.91254,0.80054,0.88717,0.84319,0.9016,0.69976,0.83796,1.21508,0.71888,0.00305,0,0.0305818,0.0101939,0.0305818,0.0101939,0.0305818,0.0101939,0.0305818,0.0101939
22,1303.59,0.89434,1.21181,0.729,0.00261,0.39658,0.89647,0.83416,0.90607,0.78015,0.88976,0.8295,0.89741,0.69654,0.87043,1.22637,0.73627,0.00324,0,0.0305509,0.0101836,0.0305509,0.0101836,0.0305509,0.0101836,0.0305509,0.0101836
23,1360.74,0.89228,1.20464,0.71445,0.00271,0.38403,0.91494,0.84214,0.91281,0.79311,0.90918,0.83716,0.90274,0.70546,0.87554,1.20233,0.73381,0.00319,0,0.0305199,0.0101733,0.0305199,0.0101733,0.0305199,0.0101733,0.0305199,0.0101733
24,1419.01,0.90855,1.22058,0.70073,0.00262,0.39043,0.86803,0.86579,0.91098,0.80133,0.86166,0.85466,0.90356,0.70834,0.83819,1.20052,0.7524,0.00298,0,0.030489,0.010163,0.030489,0.010163,0.030489,0.010163,0.030489,0.010163
25,1477.25,0.89737,1.21795,0.72236,0.00264,0.38999,0.8772,0.87368,0.92524,0.80909,0.87553,0.86787,0.91928,0.72448,0.82886,1.20341,0.71764,0.00301,0,0.0304581,0.0101527,0.0304581,0.0101527,0.0304581,0.0101527,0.0304581,0.0101527
26,1536.08,0.89347,1.18625,0.6893,0.00256,0.37503,0.87851,0.85926,0.91724,0.80529,0.87491,0.85377,0.90519,0.70473,0.87711,1.25608,0.71566,0.00304,0,0.0304272,0.0101424,0.0304272,0.0101424,0.0304272,0.0101424,0.0304272,0.0101424
27,1594.78,0.88467,1.17,0.68768,0.00257,0.33453,0.88555,0.86857,0.91699,0.79436,0.87633,0.85958,0.90393,0.70218,0.85456,1.1768,0.75026,0.00319,0,0.0303963,0.0101321,0.0303963,0.0101321,0.0303963,0.0101321,0.0303963,0.0101321
28,1653.01,0.87711,1.1863,0.68994,0.0026,0.3241,0.89794,0.85084,0.91529,0.79108,0.89464,0.84659,0.90957,0.71951,0.8734,1.18984,0.77961,0.0031,0,0.0303654,0.0101218,0.0303654,0.0101218,0.0303654,0.0101218,0.0303654,0.0101218
29,1711.65,0.89194,1.17726,0.69045,0.00254,0.35762,0.88291,0.87738,0.91224,0.79995,0.87575,0.86866,0.90192,0.72677,0.81695,1.21243,0.76057,0.00299,0,0.0303345,0.0101115,0.0303345,0.0101115,0.0303345,0.0101115,0.0303345,0.0101115
30,1770.68,0.88675,1.1581,0.68856,0.00243,0.33343,0.85402,0.86334,0.90689,0.80049,0.84455,0.85342,0.88782,0.70478,0.80188,1.26345,0.73663,0.00289,0,0.0303036,0.0101012,0.0303036,0.0101012,0.0303036,0.0101012,0.0303036,0.0101012
31,1828.51,0.87743,1.16043,0.68702,0.00244,0.3061,0.91906,0.84536,0.91747,0.80078,0.91015,0.83492,0.90086,0.70064,0.85197,1.22196,0.70934,0.00301,0,0.0302727,0.0100909,0.0302727,0.0100909,0.0302727,0.0100909,0.0302727,0.0100909
32,1886.82,0.87211,1.15643,0.66853,0.00248,0.33117,0.90046,0.85131,0.91097,0.80066,0.90217,0.85143,0.90645,0.73461,0.81772,1.20086,0.72884,0.0029,0,0.0302417,0.0100806,0.0302417,0.0100806,0.0302417,0.0100806,0.0302417,0.0100806
33,1946.26,0.88069,1.14637,0.65572,0.00247,0.30614,0.90089,0.86679,0.91448,0.81202,0.8952,0.86233,0.90536,0.72081,0.79372,1.20215,0.7154,0.00284,0,0.0302108,0.0100703,0.0302108,0.0100703,0.0302108,0.0100703,0.0302108,0.0100703
34,2004.37,0.86611,1.14624,0.67166,0.00237,0.29701,0.91696,0.86749,0.92202,0.81561,0.9128,0.85711,0.91231,0.72645,0.80696,1.18991,0.72628,0.00292,0,0.0301799,0.01006,0.0301799,0.01006,0.0301799,0.01006,0.0301799,0.01006
35,2062.5,0.86244,1.13814,0.6552,0.00244,0.30596,0.92523,0.88163,0.93064,0.82701,0.91834,0.87097,0.9128,0.7419,0.81206,1.18655,0.74656,0.00297,0,0.030149,0.0100497,0.030149,0.0100497,0.030149,0.0100497,0.030149,0.0100497
36,2121.44,0.8772,1.12839,0.65976,0.00232,0.29053,0.88333,0.87116,0.9167,0.81771,0.89856,0.84702,0.90599,0.72798,0.7791,1.19386,0.7182,0.00271,0,0.0301181,0.0100394,0.0301181,0.0100394,0.0301181,0.0100394,0.0301181,0.0100394
37,2178.02,0.84011,1.11287,0.63508,0.00253,0.27686,0.92852,0.85599,0.91626,0.80981,0.9251,0.85129,0.90717,0.71813,0.77617,1.19627,0.69062,0.00276,0,0.0300872,0.0100291,0.0300872,0.0100291,0.0300872,0.0100291,0.0300872,0.0100291
38,2236.59,0.85939,1.12796,0.6444,0.00239,0.29679,0.91115,0.87618,0.92661,0.81847,0.90595,0.86784,0.91343,0.7379,0.79121,1.19176,0.70322,0.00282,0,0.0300563,0.0100188,0.0300563,0.0100188,0.0300563,0.0100188,0.0300563,0.0100188
39,2293.68,0.85067,1.13588,0.63503,0.00247,0.28314,0.91518,0.87735,0.93205,0.8258,0.92792,0.85535,0.92326,0.74322,0.79631,1.16927,0.69715,0.00278,0,0.0300254,0.0100085,0.0300254,0.0100085,0.0300254,0.0100085,0.0300254,0.0100085
40,2352.22,0.85633,1.11883,0.64399,0.00239,0.3129,0.92252,0.87972,0.93408,0.81871,0.9142,0.87082,0.91901,0.71727,0.86539,1.22728,0.74383,0.00301,0,0.0299945,0.00999815,0.0299945,0.00999815,0.0299945,0.00999815,0.0299945,0.00999815
41,2410.96,0.84578,1.09194,0.62198,0.0023,0.30516,0.91909,0.84576,0.93112,0.81172,0.9197,0.83728,0.91291,0.71432,0.82422,1.24638,0.72641,0.00294,0,0.0299635,0.00998785,0.0299635,0.00998785,0.0299635,0.00998785,0.0299635,0.00998785
42,2468.87,0.83291,1.09486,0.61671,0.00233,0.29406,0.92316,0.86535,0.93597,0.83528,0.91609,0.85906,0.92601,0.73399,0.79828,1.26579,0.71474,0.0028,0,0.0299326,0.00997754,0.0299326,0.00997754,0.0299326,0.00997754,0.0299326,0.00997754
43,2525.98,0.83476,1.11147,0.61476,0.0024,0.27746,0.92469,0.87667,0.92759,0.80957,0.91822,0.87342,0.92028,0.75452,0.82112,1.18971,0.71361,0.00312,0,0.0299017,0.00996724,0.0299017,0.00996724,0.0299017,0.00996724,0.0299017,0.00996724
44,2583.55,0.85674,1.08539,0.64529,0.00242,0.29075,0.92673,0.87699,0.92982,0.82066,0.92131,0.86716,0.91871,0.73219,0.83104,1.22268,0.69769,0.00291,0,0.0298708,0.00995694,0.0298708,0.00995694,0.0298708,0.00995694,0.0298708,0.00995694
45,2641.27,0.83805,1.0682,0.60461,0.00241,0.25945,0.92982,0.87633,0.9369,0.82638,0.92627,0.86317,0.92231,0.72193,0.88359,1.3955,0.71529,0.00292,0,0.0298399,0.00994663,0.0298399,0.00994663,0.0298399,0.00994663,0.0298399,0.00994663
46,2699.98,0.83712,1.09297,0.60924,0.00225,0.25572,0.92895,0.87346,0.92888,0.82815,0.9274,0.86544,0.91844,0.74188,0.76416,1.17625,0.69262,0.0027,0,0.029809,0.00993633,0.029809,0.00993633,0.029809,0.00993633,0.029809,0.00993633
47,2757.97,0.81975,1.09684,0.59629,0.00233,0.27466,0.92156,0.8679,0.92769,0.82284,0.91628,0.85943,0.91879,0.75417,0.78409,1.19493,0.71133,0.00286,0,0.0297781,0.00992603,0.0297781,0.00992603,0.0297781,0.00992603,0.0297781,0.00992603
48,2816.05,0.83057,1.09592,0.60997,0.00233,0.27198,0.89122,0.88194,0.92614,0.81973,0.88555,0.8739,0.9134,0.73436,0.8135,1.23593,0.70119,0.00292,0,0.0297472,0.00991572,0.0297472,0.00991572,0.0297472,0.00991572,0.0297472,0.00991572
49,2874.44,0.85041,1.07745,0.60446,0.00231,0.24036,0.91593,0.89364,0.92979,0.82151,0.90587,0.88443,0.91753,0.73101,0.78368,1.20482,0.71229,0.00273,0,0.0297163,0.00990542,0.0297163,0.00990542,0.0297163,0.00990542,0.0297163,0.00990542
50,2932.11,0.83596,1.08307,0.58625,0.00227,0.23255,0.92317,0.88692,0.93825,0.82774,0.91497,0.87778,0.92551,0.75839,0.78799,1.18656,0.69938,0.00282,0,0.0296853,0.00989511,0.0296853,0.00989511,0.0296853,0.00989511,0.0296853,0.00989511
51,2991.24,0.82719,1.05661,0.59185,0.00218,0.23655,0.91122,0.88282,0.93147,0.8241,0.90757,0.8755,0.92221,0.7383,0.8107,1.22815,0.71797,0.0028,0,0.0296544,0.00988481,0.0296544,0.00988481,0.0296544,0.00988481,0.0296544,0.00988481
52,3049.4,0.83222,1.07146,0.58579,0.00222,0.24267,0.91662,0.90236,0.94097,0.82343,0.9244,0.87813,0.92755,0.7378,0.84858,1.27929,0.70349,0.00288,0,0.0296235,0.00987451,0.0296235,0.00987451,0.0296235,0.00987451,0.0296235,0.00987451
53,3107.09,0.82483,1.0471,0.58644,0.0023,0.25033,0.92635,0.89868,0.93012,0.82899,0.91767,0.88534,0.91337,0.74425,0.78201,1.20374,0.69386,0.0027,0,0.0295926,0.0098642,0.0295926,0.0098642,0.0295926,0.0098642,0.0295926,0.0098642
54,3165.44,0.81532,1.05751,0.58498,0.00217,0.25857,0.92674,0.89054,0.92946,0.82553,0.92071,0.87913,0.91522,0.73535,0.81429,1.24476,0.70703,0.00289,0,0.0295617,0.0098539,0.0295617,0.0098539,0.0295617,0.0098539,0.0295617,0.0098539
55,3223.69,0.82378,1.05739,0.57389,0.00223,0.25384,0.92233,0.87627,0.9292,0.81238,0.9128,0.86425,0.91353,0.73442,0.8836,1.35534,0.73105,0.00302,0,0.0295308,0.00984359,0.0295308,0.00984359,0.0295308,0.00984359,0.0295308,0.00984359
56,3281.71,0.81809,1.05645,0.56851,0.00221,0.24528,0.9243,0.8708,0.91951,0.82341,0.9158,0.86053,0.90506,0.73691,0.77695,1.19272,0.70738,0.00271,0,0.0294999,0.00983329,0.0294999,0.00983329,0.0294999,0.00983329,0.0294999,0.00983329
57,3338.55,0.81404,1.03397,0.56341,0.00231,0.26186,0.91294,0.87959,0.92511,0.82869,0.90286,0.86934,0.91092,0.73163,0.80705,1.24202,0.69626,0.00275,0,0.029469,0.00982299,0.029469,0.00982299,0.029469,0.00982299,0.029469,0.00982299
58,3395.68,0.81086,1.02827,0.55891,0.0022,0.23242,0.91566,0.88382,0.92593,0.82295,0.90493,0.8722,0.91157,0.70961,0.85095,1.26347,0.72263,0.00287,0,0.0294381,0.00981268,0.0294381,0.00981268,0.0294381,0.00981268,0.0294381,0.00981268
59,3452.84,0.80165,1.03065,0.5612,0.0022,0.25914,0.93311,0.87812,0.93158,0.83168,0.9239,0.8759,0.9244,0.75611,0.77825,1.18975,0.68889,0.0027,0,0.0294071,0.00980238,0.0294071,0.00980238,0.0294071,0.00980238,0.0294071,0.00980238
60,3510.4,0.82357,1.04277,0.56365,0.00222,0.23208,0.92463,0.88229,0.92306,0.82656,0.91231,0.8705,0.90524,0.71869,0.79165,1.20266,0.69674,0.00267,0,0.0293762,0.00979208,0.0293762,0.00979208,0.0293762,0.00979208,0.0293762,0.00979208
61,3568.77,0.81712,1.0281,0.54952,0.00217,0.22112,0.92021,0.88819,0.92582,0.83036,0.91289,0.87935,0.91078,0.74834,0.78314,1.23111,0.68609,0.00263,0,0.0293453,0.00978177,0.0293453,0.00978177,0.0293453,0.00978177,0.0293453,0.00978177
62,3625.22,0.79287,1.01449,0.54895,0.00221,0.23606,0.91425,0.89977,0.93047,0.83193,0.90499,0.88799,0.91426,0.73758,0.7824,1.21721,0.68817,0.00267,0,0.0293144,0.00977147,0.0293144,0.00977147,0.0293144,0.00977147,0.0293144,0.00977147
63,3683.49,0.79745,1.01084,0.54429,0.00208,0.23758,0.92086,0.88202,0.92464,0.82863,0.91463,0.87533,0.91459,0.73452,0.79157,1.21858,0.69539,0.00274,0,0.0292835,0.00976116,0.0292835,0.00976116,0.0292835,0.00976116,0.0292835,0.00976116
64,3741.26,0.80051,1.02992,0.55203,0.00214,0.23882,0.92452,0.88877,0.92897,0.82726,0.91392,0.88085,0.9166,0.75531,0.80979,1.23331,0.69178,0.00268,0,0.0292526,0.00975086,0.0292526,0.00975086,0.0292526,0.00975086,0.0292526,0.00975086
65,3799.04,0.8048,1.02019,0.54413,0.00215,0.2293,0.92439,0.88729,0.93325,0.83447,0.91518,0.87805,0.92242,0.74056,0.76983,1.21572,0.69551,0.00262,0,0.0292217,0.00974056,0.0292217,0.00974056,0.0292217,0.00974056,0.0292217,0.00974056
66,3857.85,0.81344,1.01452,0.54992,0.00206,0.20887,0.93672,0.88393,0.93459,0.84027,0.92745,0.87347,0.92182,0.74925,0.7858,1.19496,0.69666,0.00272,0,0.0291908,0.00973025,0.0291908,0.00973025,0.0291908,0.00973025,0.0291908,0.00973025
67,3915.48,0.78843,0.99836,0.52902,0.00219,0.22454,0.92628,0.8995,0.93106,0.83463,0.91855,0.88806,0.91799,0.73926,0.78432,1.20665,0.69095,0.00268,0,0.0291598,0.00971995,0.0291598,0.00971995,0.0291598,0.00971995,0.0291598,0.00971995
68,3972.52,0.79438,1.00296,0.52097,0.00213,0.21252,0.94084,0.87155,0.93203,0.83639,0.93297,0.86287,0.91888,0.74199,0.78472,1.20475,0.69562,0.00274,0,0.0291289,0.00970965,0.0291289,0.00970965,0.0291289,0.00970965,0.0291289,0.00970965
69,4031.12,0.79908,1.01222,0.52545,0.00203,0.20905,0.91981,0.89539,0.93294,0.83598,0.9091,0.88335,0.91664,0.73276,0.77438,1.20202,0.71542,0.00263,0,0.029098,0.00969934,0.029098,0.00969934,0.029098,0.00969934,0.029098,0.00969934
70,4088.73,0.78112,0.98392,0.50984,0.00202,0.21254,0.93231,0.88917,0.93049,0.82909,0.92317,0.87992,0.9178,0.73228,0.78351,1.22338,0.698,0.00275,0,0.0290671,0.00968904,0.0290671,0.00968904,0.0290671,0.00968904,0.0290671,0.00968904
71,4147.19,0.78473,0.98614,0.51122,0.00198,0.20775,0.92782,0.89677,0.93064,0.83326,0.91734,0.88447,0.9147,0.73596,0.78858,1.24667,0.72507,0.00269,0,0.0290362,0.00967873,0.0290362,0.00967873,0.0290362,0.00967873,0.0290362,0.00967873
72,4204.05,0.76524,0.99665,0.50885,0.00204,0.19148,0.93069,0.88725,0.93615,0.83637,0.91943,0.87504,0.91991,0.74246,0.78323,1.22873,0.7062,0.00273,0,0.0290053,0.00966843,0.0290053,0.00966843,0.0290053,0.00966843,0.0290053,0.00966843
73,4262.68,0.78684,0.99034,0.51337,0.00207,0.24113,0.9253,0.89025,0.93495,0.83278,0.91582,0.88015,0.92264,0.73017,0.79201,1.23408,0.72842,0.00277,0,0.0289744,0.00965813,0.0289744,0.00965813,0.0289744,0.00965813,0.0289744,0.00965813
74,4320.29,0.78693,0.98514,0.50536,0.00205,0.22116,0.9228,0.88558,0.93173,0.83409,0.91246,0.87353,0.91759,0.73503,0.79278,1.22611,0.7411,0.00269,0,0.0289435,0.00964782,0.0289435,0.00964782,0.0289435,0.00964782,0.0289435,0.00964782
75,4379.2,0.78142,0.98058,0.52245,0.00201,0.22088,0.93538,0.88857,0.9343,0.83419,0.92753,0.88013,0.92018,0.73707,0.80361,1.33291,0.71633,0.00265,0,0.0289126,0.00963752,0.0289126,0.00963752,0.0289126,0.00963752,0.0289126,0.00963752
76,4437.26,0.78377,0.99218,0.49855,0.00201,0.1926,0.92818,0.88881,0.93159,0.84198,0.92625,0.87744,0.92181,0.74764,0.77487,1.23781,0.71133,0.00263,0,0.0288816,0.00962721,0.0288816,0.00962721,0.0288816,0.00962721,0.0288816,0.00962721
77,4495.61,0.77653,0.97239,0.50582,0.00199,0.21929,0.92254,0.89541,0.92733,0.82702,0.91135,0.88789,0.91525,0.72037,0.79799,1.27914,0.69213,0.00268,0,0.0288507,0.00961691,0.0288507,0.00961691,0.0288507,0.00961691,0.0288507,0.00961691
78,4553.56,0.7655,0.96158,0.49724,0.00203,0.22689,0.91423,0.9139,0.93374,0.83377,0.90317,0.90198,0.91912,0.73155,0.82367,1.26486,0.72111,0.0027,0,0.0288198,0.00960661,0.0288198,0.00960661,0.0288198,0.00960661,0.0288198,0.00960661
79,4610.98,0.76936,0.98527,0.50387,0.00204,0.22351,0.90097,0.89573,0.9269,0.8267,0.89151,0.88471,0.91501,0.72809,0.79165,1.23695,0.71527,0.00274,0,0.0287889,0.0095963,0.0287889,0.0095963,0.0287889,0.0095963,0.0287889,0.0095963
80,4669.51,0.78314,0.97111,0.4982,0.00197,0.21881,0.91572,0.86496,0.92077,0.82211,0.91203,0.85417,0.91167,0.71901,0.81362,1.26049,0.72669,0.00263,0,0.028758,0.009586,0.028758,0.009586,0.028758,0.009586,0.028758,0.009586
81,4728.29,0.78077,0.98903,0.49538,0.00203,0.21699,0.93909,0.8755,0.9316,0.84045,0.9326,0.86928,0.92227,0.74783,0.7733,1.23758,0.72389,0.0026,0,0.0287271,0.0095757,0.0287271,0.0095757,0.0287271,0.0095757,0.0287271,0.0095757
82,4786.53,0.78764,0.98153,0.48801,0.00193,0.18592,0.93426,0.88927,0.93097,0.8353,0.9327,0.88018,0.92132,0.72539,0.80971,1.2518,0.7303,0.00259,0,0.0286962,0.00956539,0.0286962,0.00956539,0.0286962,0.00956539,0.0286962,0.00956539
83,4844.06,0.76145,0.94943,0.48859,0.00203,0.20564,0.93346,0.88729,0.92745,0.8296,0.92384,0.87691,0.91541,0.73331,0.82076,1.25821,0.71535,0.00264,0,0.0286653,0.00955509,0.0286653,0.00955509,0.0286653,0.00955509,0.0286653,0.00955509
84,4902.33,0.76724,0.95554,0.4719,0.00194,0.21698,0.91828,0.90399,0.92908,0.83695,0.90705,0.89287,0.91273,0.74017,0.77212,1.25012,0.70234,0.00256,0,0.0286344,0.00954478,0.0286344,0.00954478,0.0286344,0.00954478,0.0286344,0.00954478
85,4961.14,0.75137,0.94781,0.49076,0.0019,0.20919,0.93343,0.8867,0.92877,0.83394,0.92577,0.87832,0.91913,0.74359,0.80372,1.25394,0.71021,0.00269,0,0.0286034,0.00953448,0.0286034,0.00953448,0.0286034,0.00953448,0.0286034,0.00953448
86,5018.73,0.76791,0.95554,0.4737,0.00206,0.18714,0.93921,0.87702,0.92406,0.82529,0.92729,0.86556,0.91025,0.72108,0.82737,1.27237,0.70947,0.00273,0,0.0285725,0.00952418,0.0285725,0.00952418,0.0285725,0.00952418,0.0285725,0.00952418
87,5075.96,0.75004,0.94948,0.4773,0.00194,0.19585,0.93646,0.85997,0.91606,0.80776,0.9325,0.85149,0.90527,0.70517,0.82904,1.2655,0.73038,0.00294,0,0.0285416,0.00951387,0.0285416,0.00951387,0.0285416,0.00951387,0.0285416,0.00951387
88,5134.18,0.75843,0.9517,0.47734,0.00199,0.21458,0.90833,0.87083,0.91908,0.82991,0.90012,0.85887,0.90357,0.73769,0.77493,1.2405,0.72027,0.00256,0,0.0285107,0.00950357,0.0285107,0.00950357,0.0285107,0.00950357,0.0285107,0.00950357
89,5192.5,0.76288,0.96005,0.48128,0.00189,0.19911,0.92089,0.87559,0.92184,0.83489,0.92137,0.86438,0.91367,0.73756,0.7808,1.22664,0.72113,0.00253,0,0.0284798,0.00949327,0.0284798,0.00949327,0.0284798,0.00949327,0.0284798,0.00949327
90,5250.83,0.75646,0.95701,0.46479,0.00186,0.20316,0.91928,0.87946,0.92883,0.84086,0.91009,0.86915,0.91671,0.74557,0.76192,1.21466,0.71074,0.00253,0,0.0284489,0.00948296,0.0284489,0.00948296,0.0284489,0.00948296,0.0284489,0.00948296
91,5309.92,0.7622,0.95473,0.4647,0.0019,0.19398,0.93302,0.8803,0.92763,0.84055,0.92682,0.87274,0.91863,0.74391,0.77485,1.23942,0.70037,0.00261,0,0.028418,0.00947266,0.028418,0.00947266,0.028418,0.00947266,0.028418,0.00947266
92,5368.39,0.74185,0.95024,0.46688,0.00189,0.18518,0.93087,0.87823,0.92834,0.8384,0.92517,0.87024,0.91902,0.7366,0.78628,1.24578,0.72808,0.00259,0,0.0283871,0.00946235,0.0283871,0.00946235,0.0283871,0.00946235,0.0283871,0.00946235
93,5426.67,0.76836,0.95125,0.45519,0.00188,0.20396,0.92642,0.88515,0.92553,0.83362,0.91427,0.87027,0.90971,0.73256,0.82796,1.27616,0.73583,0.00268,0,0.0283562,0.00945205,0.0283562,0.00945205,0.0283562,0.00945205,0.0283562,0.00945205
94,5483.38,0.74796,0.92895,0.45698,0.00192,0.19266,0.92309,0.89219,0.93089,0.84589,0.91935,0.87537,0.91898,0.74876,0.77486,1.29257,0.72684,0.00255,0,0.0283252,0.00944175,0.0283252,0.00944175,0.0283252,0.00944175,0.0283252,0.00944175
95,5540.18,0.744,0.94289,0.44819,0.00187,0.2083,0.92921,0.89396,0.92904,0.83191,0.92359,0.88209,0.91392,0.7274,0.80803,1.23886,0.71806,0.0027,0,0.0282943,0.00943144,0.0282943,0.00943144,0.0282943,0.00943144,0.0282943,0.00943144
96,5597.58,0.73535,0.93961,0.45042,0.00195,0.20643,0.9193,0.90024,0.93172,0.83487,0.90881,0.88936,0.91653,0.74195,0.79966,1.24617,0.74482,0.0027,0,0.0282634,0.00942114,0.0282634,0.00942114,0.0282634,0.00942114,0.0282634,0.00942114
97,5654.73,0.74427,0.94876,0.45629,0.00189,0.20293,0.92806,0.87706,0.92607,0.82563,0.92035,0.86326,0.911,0.72862,0.79415,1.2597,0.73466,0.00276,0,0.0282325,0.00941084,0.0282325,0.00941084,0.0282325,0.00941084,0.0282325,0.00941084
98,5713.85,0.76107,0.9373,0.45879,0.00192,0.19424,0.92438,0.8927,0.9328,0.83428,0.91391,0.88077,0.91491,0.73031,0.8006,1.30602,0.71896,0.00264,0,0.0282016,0.00940053,0.0282016,0.00940053,0.0282016,0.00940053,0.0282016,0.00940053
99,5771.74,0.75261,0.94019,0.45357,0.00183,0.19481,0.93689,0.88189,0.93232,0.83911,0.93341,0.87578,0.92462,0.7448,0.79146,1.27397,0.73317,0.00264,0,0.0281707,0.00939023,0.0281707,0.00939023,0.0281707,0.00939023,0.0281707,0.00939023
100,5829.38,0.74062,0.9309,0.44673,0.00196,0.1953,0.92614,0.88538,0.92035,0.82967,0.91879,0.87745,0.91025,0.73458,0.78599,1.25836,0.73845,0.00256,0,0.0281398,0.00937992,0.0281398,0.00937992,0.0281398,0.00937992,0.0281398,0.00937992
101,5887.48,0.74998,0.93689,0.44214,0.0019,0.18222,0.93421,0.88239,0.91542,0.82741,0.92697,0.87452,0.90702,0.73135,0.77004,1.27717,0.73542,0.00253,0,0.0281089,0.00936962,0.0281089,0.00936962,0.0281089,0.00936962,0.0281089,0.00936962
102,5945.86,0.72536,0.9218,0.43954,0.00187,0.19615,0.90956,0.88129,0.92536,0.83342,0.90084,0.87129,0.91133,0.7338,0.77345,1.28171,0.72199,0.00257,0,0.0280779,0.00935932,0.0280779,0.00935932,0.0280779,0.00935932,0.0280779,0.00935932
103,6004.22,0.74565,0.93085,0.44113,0.00188,0.19336,0.91236,0.87864,0.92795,0.84214,0.90731,0.86478,0.91053,0.73791,0.78021,1.24109,0.74288,0.00251,0,0.028047,0.00934901,0.028047,0.00934901,0.028047,0.00934901,0.028047,0.00934901
104,6061.76,0.73893,0.91762,0.43327,0.00188,0.16659,0.93061,0.86774,0.92803,0.83819,0.92883,0.85046,0.90871,0.74022,0.79203,1.23981,0.72434,0.00256,0,0.0280161,0.00933871,0.0280161,0.00933871,0.0280161,0.00933871,0.0280161,0.00933871
105,6119.98,0.72925,0.90299,0.42826,0.00185,0.19349,0.91321,0.86642,0.92339,0.8282,0.90549,0.85725,0.91142,0.72512,0.80971,1.24523,0.75487,0.00267,0,0.0279852,0.0093284,0.0279852,0.0093284,0.0279852,0.0093284,0.0279852,0.0093284
106,6177.8,0.73472,0.92773,0.43961,0.00184,0.19691,0.92286,0.89956,0.92841,0.83415,0.91629,0.88591,0.91619,0.74089,0.78891,1.27004,0.72162,0.0026,0,0.0279543,0.0093181,0.0279543,0.0093181,0.0279543,0.0093181,0.0279543,0.0093181
107,6235.53,0.73914,0.92137,0.43356,0.00188,0.19415,0.914,0.89702,0.93577,0.84379,0.90209,0.8851,0.91828,0.74426,0.78409,1.29055,0.71847,0.0026,0,0.0279234,0.0093078,0.0279234,0.0093078,0.0279234,0.0093078,0.0279234,0.0093078
108,6293.05,0.72756,0.90142,0.42955,0.00191,0.18611,0.92305,0.89726,0.93288,0.84002,0.91446,0.88847,0.9207,0.73649,0.79615,1.28096,0.73716,0.00265,0,0.0278925,0.00929749,0.0278925,0.00929749,0.0278925,0.00929749,0.0278925,0.00929749
109,6350.96,0.7194,0.90933,0.4282,0.00178,0.19204,0.9443,0.89013,0.93432,0.83903,0.93397,0.87904,0.91926,0.74005,0.80536,1.26788,0.72584,0.00261,0,0.0278616,0.00928719,0.0278616,0.00928719,0.0278616,0.00928719,0.0278616,0.00928719
110,6408.87,0.73722,0.91745,0.42955,0.00185,0.18618,0.93781,0.88155,0.93254,0.84686,0.92815,0.87131,0.91999,0.75016,0.77314,1.25469,0.71999,0.00252,0,0.0278307,0.00927689,0.0278307,0.00927689,0.0278307,0.00927689,0.0278307,0.00927689
111,6465.95,0.73299,0.9024,0.42805,0.00191,0.18157,0.9413,0.87455,0.92785,0.83647,0.93523,0.86578,0.91792,0.74286,0.76792,1.2818,0.73104,0.00252,0,0.0277997,0.00926658,0.0277997,0.00926658,0.0277997,0.00926658,0.0277997,0.00926658
112,6523.93,0.7219,0.90858,0.42288,0.00188,0.18513,0.92907,0.88652,0.93019,0.8401,0.92246,0.87762,0.92153,0.75696,0.77017,1.22351,0.73202,0.00258,0,0.0277688,0.00925628,0.0277688,0.00925628,0.0277688,0.00925628,0.0277688,0.00925628
113,6582.45,0.7227,0.8887,0.41205,0.00173,0.18159,0.92894,0.85803,0.91588,0.82839,0.92182,0.84776,0.90448,0.73087,0.79576,1.25967,0.76846,0.00267,0,0.0277379,0.00924597,0.0277379,0.00924597,0.0277379,0.00924597,0.0277379,0.00924597
114,6640.07,0.71967,0.89962,0.41708,0.00183,0.18358,0.92442,0.89582,0.93236,0.8435,0.91527,0.88518,0.92055,0.74102,0.79714,1.28266,0.74227,0.00256,0,0.027707,0.00923567,0.027707,0.00923567,0.027707,0.00923567,0.027707,0.00923567
115,6697.84,0.71671,0.88476,0.41652,0.00182,0.18133,0.92012,0.89468,0.93403,0.84226,0.91246,0.88341,0.91881,0.73824,0.8069,1.31057,0.73899,0.00261,0,0.0276761,0.00922537,0.0276761,0.00922537,0.0276761,0.00922537,0.0276761,0.00922537
116,6756.25,0.72663,0.88881,0.41924,0.00178,0.17731,0.92626,0.89213,0.92836,0.83833,0.91458,0.88059,0.91232,0.73411,0.78561,1.31189,0.74966,0.00258,0,0.0276452,0.00921506,0.0276452,0.00921506,0.0276452,0.00921506,0.0276452,0.00921506
117,6813.82,0.72086,0.90391,0.41715,0.00183,0.16506,0.92921,0.87213,0.92984,0.835,0.92008,0.86255,0.91712,0.73058,0.81118,1.30021,0.74996,0.00263,0,0.0276143,0.00920476,0.0276143,0.00920476,0.0276143,0.00920476,0.0276143,0.00920476
118,6871.52,0.70345,0.903,0.40657,0.00182,0.18851,0.92843,0.8874,0.93082,0.84373,0.91823,0.87738,0.9186,0.75079,0.77719,1.27432,0.74075,0.00257,0,0.0275834,0.00919446,0.0275834,0.00919446,0.0275834,0.00919446,0.0275834,0.00919446
119,6929.52,0.7207,0.891,0.41183,0.00184,0.18797,0.93342,0.88236,0.93016,0.84031,0.92192,0.87123,0.91357,0.75165,0.77991,1.2738,0.74159,0.00258,0,0.0275525,0.00918415,0.0275525,0.00918415,0.0275525,0.00918415,0.0275525,0.00918415
120,6987.35,0.72923,0.89439,0.41971,0.00175,0.17777,0.94937,0.86839,0.92791,0.83845,0.94136,0.86063,0.91166,0.74991,0.76956,1.25542,0.7438,0.0026,0,0.0275215,0.00917385,0.0275215,0.00917385,0.0275215,0.00917385,0.0275215,0.00917385
121,7044.42,0.72665,0.8946,0.4125,0.00188,0.19503,0.93052,0.87787,0.92069,0.83292,0.92179,0.86712,0.90866,0.73456,0.78997,1.28323,0.74111,0.00261,0,0.0274906,0.00916354,0.0274906,0.00916354,0.0274906,0.00916354,0.0274906,0.00916354
122,7102.57,0.70097,0.88805,0.40931,0.00172,0.18707,0.9237,0.89872,0.93068,0.84686,0.91412,0.88924,0.91797,0.74731,0.77327,1.27289,0.72587,0.00261,0,0.0274597,0.00915324,0.0274597,0.00915324,0.0274597,0.00915324,0.0274597,0.00915324
123,7160.15,0.71926,0.88732,0.40821,0.00187,0.18745,0.93813,0.89059,0.93047,0.84649,0.92602,0.87848,0.91555,0.74805,0.77692,1.25471,0.73014,0.00254,0,0.0274288,0.00914294,0.0274288,0.00914294,0.0274288,0.00914294,0.0274288,0.00914294
124,7217.95,0.71739,0.89773,0.39975,0.00179,0.17646,0.92314,0.89276,0.92613,0.84045,0.92507,0.87405,0.91503,0.74268,0.78774,1.29331,0.71765,0.0026,0,0.0273979,0.00913263,0.0273979,0.00913263,0.0273979,0.00913263,0.0273979,0.00913263
125,7275.96,0.71383,0.87785,0.39277,0.00179,0.15816,0.94531,0.8751,0.93352,0.8444,0.93399,0.86505,0.92115,0.74303,0.79271,1.28606,0.72873,0.00259,0,0.027367,0.00912233,0.027367,0.00912233,0.027367,0.00912233,0.027367,0.00912233
126,7333.76,0.70299,0.87558,0.39158,0.00178,0.18687,0.94143,0.89507,0.93481,0.84354,0.93088,0.88529,0.91941,0.75298,0.76922,1.28226,0.72075,0.00258,0,0.0273361,0.00911202,0.0273361,0.00911202,0.0273361,0.00911202,0.0273361,0.00911202
127,7391.74,0.71277,0.88817,0.40534,0.00183,0.18816,0.9294,0.90325,0.93458,0.84701,0.92129,0.89494,0.92506,0.74517,0.78737,1.29416,0.72361,0.00256,0,0.0273052,0.00910172,0.0273052,0.00910172,0.0273052,0.00910172,0.0273052,0.00910172
128,7449.41,0.69628,0.85991,0.38544,0.00177,0.18272,0.93117,0.89396,0.93732,0.85004,0.91935,0.88255,0.92399,0.75447,0.77732,1.28913,0.72415,0.00259,0,0.0272743,0.00909142,0.0272743,0.00909142,0.0272743,0.00909142,0.0272743,0.00909142
129,7506.75,0.70474,0.86926,0.388,0.00178,0.16056,0.93089,0.88446,0.92716,0.83624,0.91905,0.87317,0.91429,0.73699,0.80235,1.26975,0.75076,0.00259,0,0.0272433,0.00908111,0.0272433,0.00908111,0.0272433,0.00908111,0.0272433,0.00908111
130,7564.2,0.69514,0.86353,0.38941,0.00174,0.17188,0.91237,0.90472,0.93475,0.84396,0.90167,0.89395,0.92009,0.7517,0.78879,1.26208,0.71772,0.00256,0,0.0272124,0.00907081,0.0272124,0.00907081,0.0272124,0.00907081,0.0272124,0.00907081
131,7621.98,0.70777,0.85663,0.38918,0.00173,0.16417,0.93508,0.8818,0.93077,0.83923,0.92195,0.86858,0.91493,0.73982,0.78121,1.2994,0.73803,0.00254,0,0.0271815,0.00906051,0.0271815,0.00906051,0.0271815,0.00906051,0.0271815,0.00906051
132,7679.38,0.69712,0.86769,0.38776,0.00177,0.16608,0.9343,0.88419,0.92617,0.84276,0.92808,0.87609,0.9174,0.75094,0.78644,1.26895,0.73407,0.00258,0,0.0271506,0.0090502,0.0271506,0.0090502,0.0271506,0.0090502,0.0271506,0.0090502
133,7738.43,0.71698,0.88089,0.39437,0.00173,0.18067,0.93041,0.9101,0.93698,0.85207,0.92396,0.90206,0.92779,0.75879,0.77944,1.26253,0.71812,0.00254,0,0.0271197,0.0090399,0.0271197,0.0090399,0.0271197,0.0090399,0.0271197,0.0090399
134,7796.61,0.69803,0.86385,0.37983,0.00167,0.17645,0.94394,0.89365,0.93646,0.84578,0.93426,0.88338,0.92032,0.74476,0.78283,1.26022,0.72544,0.00257,0,0.0270888,0.00902959,0.0270888,0.00902959,0.0270888,0.00902959,0.0270888,0.00902959
135,7854.37,0.69737,0.86114,0.37877,0.00173,0.16754,0.9274,0.89214,0.93324,0.84589,0.92078,0.88461,0.92391,0.75354,0.79031,1.27003,0.75483,0.00258,0,0.0270579,0.00901929,0.0270579,0.00901929,0.0270579,0.00901929,0.0270579,0.00901929
136,7910.91,0.68725,0.8536,0.37601,0.00176,0.16124,0.92915,0.89628,0.93084,0.84283,0.92181,0.88414,0.9148,0.74027,0.80114,1.30262,0.7508,0.00258,0,0.027027,0.00900899,0.027027,0.00900899,0.027027,0.00900899,0.027027,0.00900899
137,7969.59,0.68538,0.85587,0.37386,0.00168,0.16933,0.92953,0.89048,0.93158,0.84725,0.91968,0.88061,0.91931,0.75632,0.78089,1.27053,0.757,0.00259,0,0.026996,0.00899868,0.026996,0.00899868,0.026996,0.00899868,0.026996,0.00899868
138,8028.56,0.69777,0.86888,0.37756,0.00167,0.16927,0.93909,0.89672,0.93519,0.84729,0.93269,0.88901,0.925,0.75151,0.778,1.2588,0.7179,0.0026,0,0.0269651,0.00898838,0.0269651,0.00898838,0.0269651,0.00898838,0.0269651,0.00898838
139,8086.03,0.69663,0.86077,0.37632,0.00164,0.16658,0.94194,0.883,0.92638,0.83781,0.93437,0.87462,0.91605,0.73324,0.82156,1.27842,0.74743,0.00264,0,0.0269342,0.00897808,0.0269342,0.00897808,0.0269342,0.00897808,0.0269342,0.00897808
140,8143.94,0.68953,0.85772,0.37011,0.00167,0.17369,0.92972,0.9061,0.92847,0.8442,0.91937,0.89596,0.91454,0.74642,0.78723,1.29252,0.73878,0.00255,0,0.0269033,0.00896777,0.0269033,0.00896777,0.0269033,0.00896777,0.0269033,0.00896777
141,8201.94,0.68498,0.87066,0.37508,0.0017,0.18138,0.92702,0.88996,0.92761,0.83534,0.91952,0.88249,0.91981,0.74146,0.78805,1.30312,0.73032,0.00259,0,0.0268724,0.00895747,0.0268724,0.00895747,0.0268724,0.00895747,0.0268724,0.00895747
142,8259.23,0.68518,0.87941,0.3809,0.00175,0.17854,0.94423,0.89495,0.93796,0.84796,0.9391,0.88703,0.92867,0.74974,0.77441,1.25629,0.72253,0.00249,0,0.0268415,0.00894716,0.0268415,0.00894716,0.0268415,0.00894716,0.0268415,0.00894716
143,8318.01,0.68496,0.8569,0.37841,0.00167,0.18214,0.94274,0.89747,0.93568,0.84598,0.93295,0.88769,0.92204,0.74529,0.78598,1.27892,0.75146,0.00256,0,0.0268106,0.00893686,0.0268106,0.00893686,0.0268106,0.00893686,0.0268106,0.00893686
144,8376.13,0.69539,0.86422,0.37532,0.00165,0.16824,0.94124,0.90231,0.93501,0.84235,0.93338,0.89314,0.92335,0.74079,0.82019,1.29948,0.76251,0.00269,0,0.0267797,0.00892656,0.0267797,0.00892656,0.0267797,0.00892656,0.0267797,0.00892656
145,8434.75,0.68741,0.83663,0.36901,0.00165,0.18705,0.93096,0.89642,0.93533,0.84511,0.91969,0.88446,0.9207,0.7562,0.7941,1.28973,0.7533,0.00262,0,0.0267488,0.00891625,0.0267488,0.00891625,0.0267488,0.00891625,0.0267488,0.00891625
146,8493.33,0.67867,0.84859,0.36862,0.00166,0.16776,0.9321,0.87403,0.9239,0.83935,0.9325,0.85575,0.91068,0.7468,0.79283,1.30713,0.76195,0.0026,0,0.0267178,0.00890595,0.0267178,0.00890595,0.0267178,0.00890595,0.0267178,0.00890595
147,8550.92,0.68321,0.86323,0.37146,0.00169,0.16136,0.93523,0.85178,0.92215,0.8354,0.92947,0.84041,0.9112,0.7433,0.78693,1.30405,0.74629,0.00261,0,0.0266869,0.00889565,0.0266869,0.00889565,0.0266869,0.00889565,0.0266869,0.00889565
148,8609.17,0.68757,0.8466,0.36836,0.00167,0.1663,0.93373,0.88974,0.9212,0.83523,0.92311,0.87951,0.90752,0.74066,0.79231,1.33253,0.73268,0.00259,0,0.026656,0.00888534,0.026656,0.00888534,0.026656,0.00888534,0.026656,0.00888534
149,8667.44,0.70206,0.85975,0.37143,0.00165,0.16456,0.9252,0.89119,0.91901,0.8338,0.91673,0.88232,0.90842,0.74099,0.7908,1.32689,0.74464,0.00252,0,0.0266251,0.00887504,0.0266251,0.00887504,0.0266251,0.00887504,0.0266251,0.00887504
150,8726.06,0.67448,0.84134,0.36457,0.00163,0.17859,0.92206,0.88934,0.92382,0.83719,0.91559,0.88141,0.91285,0.74442,0.78852,1.31536,0.74508,0.00259,0,0.0265942,0.00886473,0.0265942,0.00886473,0.0265942,0.00886473,0.0265942,0.00886473
151,8783.84,0.67418,0.83408,0.35856,0.00171,0.17309,0.90142,0.90798,0.93061,0.84311,0.89115,0.89752,0.91574,0.75393,0.78483,1.31804,0.73235,0.00257,0,0.0265633,0.00885443,0.0265633,0.00885443,0.0265633,0.00885443,0.0265633,0.00885443
152,8841.89,0.68573,0.83324,0.36703,0.00176,0.16755,0.92809,0.8991,0.93265,0.84486,0.91998,0.88637,0.91726,0.74457,0.79471,1.29982,0.74598,0.00254,0,0.0265324,0.00884413,0.0265324,0.00884413,0.0265324,0.00884413,0.0265324,0.00884413
153,8900.17,0.68507,0.83897,0.3705,0.00166,0.17139,0.9386,0.87644,0.92653,0.83606,0.92837,0.86564,0.91195,0.73608,0.7805,1.30102,0.74438,0.00257,0,0.0265015,0.00883382,0.0265015,0.00883382,0.0265015,0.00883382,0.0265015,0.00883382
154,8958.62,0.67409,0.83719,0.36404,0.00163,0.16413,0.93118,0.89871,0.92381,0.83654,0.92117,0.88801,0.91036,0.74434,0.77584,1.30363,0.7415,0.00253,0,0.0264706,0.00882352,0.0264706,0.00882352,0.0264706,0.00882352,0.0264706,0.00882352
155,9015.48,0.66805,0.83198,0.35392,0.00166,0.15706,0.94222,0.89424,0.93157,0.83898,0.93718,0.88674,0.92251,0.74236,0.79246,1.27652,0.72923,0.00262,0,0.0264396,0.00881321,0.0264396,0.00881321,0.0264396,0.00881321,0.0264396,0.00881321
156,9073.47,0.68091,0.8305,0.36185,0.00159,0.16273,0.94323,0.87221,0.92337,0.83753,0.94055,0.85868,0.91112,0.7466,0.7806,1.30725,0.73765,0.00257,0,0.0264087,0.00880291,0.0264087,0.00880291,0.0264087,0.00880291,0.0264087,0.00880291
157,9130.99,0.68055,0.83158,0.36406,0.00168,0.16556,0.92498,0.90582,0.93649,0.84384,0.91505,0.89599,0.92196,0.73885,0.79461,1.36588,0.7317,0.00264,0,0.0263778,0.00879261,0.0263778,0.00879261,0.0263778,0.00879261,0.0263778,0.00879261
158,9188.79,0.66733,0.83594,0.35759,0.00163,0.16521,0.92304,0.87366,0.91886,0.83437,0.91498,0.86458,0.9089,0.74233,0.78083,1.33729,0.75234,0.00257,0,0.0263469,0.0087823,0.0263469,0.0087823,0.0263469,0.0087823,0.0263469,0.0087823
159,9247.1,0.66644,0.83238,0.35191,0.00162,0.17158,0.93309,0.88269,0.91825,0.8264,0.92234,0.87072,0.90209,0.73308,0.79254,1.31878,0.73827,0.00263,0,0.026316,0.008772,0.026316,0.008772,0.026316,0.008772,0.026316,0.008772
160,9305.33,0.67242,0.83026,0.35579,0.00164,0.15911,0.92813,0.87954,0.92116,0.83608,0.92162,0.86929,0.90722,0.74004,0.77743,1.27215,0.75151,0.00253,0,0.0262851,0.0087617,0.0262851,0.0087617,0.0262851,0.0087617,0.0262851,0.0087617
161,9363.34,0.68299,0.84645,0.35642,0.00165,0.16197,0.94001,0.89325,0.92748,0.83961,0.93315,0.8835,0.91515,0.74098,0.7831,1.297,0.74897,0.00252,0,0.0262542,0.00875139,0.0262542,0.00875139,0.0262542,0.00875139,0.0262542,0.00875139
162,9421.55,0.67071,0.82494,0.34633,0.00157,0.15179,0.93711,0.8787,0.93116,0.85065,0.9274,0.86916,0.92015,0.75483,0.78116,1.28252,0.74216,0.00251,0,0.0262233,0.00874109,0.0262233,0.00874109,0.0262233,0.00874109,0.0262233,0.00874109
163,9478.75,0.65801,0.83044,0.3531,0.0017,0.15442,0.94174,0.88365,0.92751,0.84559,0.93446,0.87644,0.91438,0.75439,0.78261,1.32708,0.74898,0.00259,0,0.0261924,0.00873078,0.0261924,0.00873078,0.0261924,0.00873078,0.0261924,0.00873078
164,9536.77,0.67146,0.82423,0.34854,0.00161,0.16483,0.93249,0.89519,0.92166,0.83703,0.94133,0.86721,0.90724,0.7462,0.78486,1.32504,0.76078,0.00255,0,0.0261614,0.00872048,0.0261614,0.00872048,0.0261614,0.00872048,0.0261614,0.00872048
165,9594.6,0.67041,0.83136,0.35089,0.00159,0.15545,0.91962,0.89851,0.9274,0.84422,0.91007,0.88867,0.91513,0.75327,0.77701,1.28838,0.74991,0.00248,0,0.0261305,0.00871018,0.0261305,0.00871018,0.0261305,0.00871018,0.0261305,0.00871018
166,9652.75,0.66309,0.81637,0.34241,0.00158,0.15902,0.93373,0.89325,0.9335,0.84958,0.92902,0.8794,0.91945,0.75253,0.78827,1.31957,0.72956,0.00252,0,0.0260996,0.00869987,0.0260996,0.00869987,0.0260996,0.00869987,0.0260996,0.00869987
167,9712,0.66177,0.82461,0.34455,0.00159,0.15842,0.93736,0.88452,0.92778,0.84232,0.93063,0.87759,0.9191,0.74678,0.78788,1.30058,0.74052,0.00262,0,0.0260687,0.00868957,0.0260687,0.00868957,0.0260687,0.00868957,0.0260687,0.00868957
168,9769.64,0.66701,0.82273,0.3478,0.00166,0.15766,0.92704,0.88719,0.92328,0.83766,0.92898,0.86117,0.90959,0.74315,0.78366,1.30612,0.7593,0.00255,0,0.0260378,0.00867927,0.0260378,0.00867927,0.0260378,0.00867927,0.0260378,0.00867927
169,9827.08,0.65726,0.80924,0.34193,0.00161,0.16202,0.93788,0.90089,0.92874,0.84471,0.92784,0.88972,0.9148,0.7456,0.78796,1.32645,0.75079,0.00257,0,0.0260069,0.00866896,0.0260069,0.00866896,0.0260069,0.00866896,0.0260069,0.00866896
170,9885.7,0.67405,0.82052,0.3468,0.00161,0.15511,0.94689,0.89028,0.93217,0.84485,0.94003,0.88238,0.92191,0.74715,0.78933,1.34208,0.75726,0.00263,0,0.025976,0.00865866,0.025976,0.00865866,0.025976,0.00865866,0.025976,0.00865866
171,9943.93,0.65378,0.81278,0.33982,0.00161,0.16754,0.93006,0.89803,0.93593,0.85031,0.922,0.88543,0.92361,0.76419,0.77785,1.33164,0.76863,0.00257,0,0.0259451,0.00864835,0.0259451,0.00864835,0.0259451,0.00864835,0.0259451,0.00864835
172,10001.9,0.66242,0.80701,0.34569,0.00162,0.16803,0.94093,0.89243,0.93633,0.8487,0.93037,0.88238,0.92224,0.7548,0.78407,1.3061,0.74104,0.00252,0,0.0259142,0.00863805,0.0259142,0.00863805,0.0259142,0.00863805,0.0259142,0.00863805
173,10059.1,0.66649,0.81257,0.34303,0.00163,0.15648,0.93172,0.90466,0.9381,0.85373,0.92141,0.89374,0.9248,0.76365,0.78208,1.31488,0.74843,0.0025,0,0.0258832,0.00862775,0.0258832,0.00862775,0.0258832,0.00862775,0.0258832,0.00862775
174,10117.4,0.65395,0.8137,0.33964,0.00157,0.16602,0.94479,0.89448,0.93443,0.85144,0.93558,0.8838,0.92407,0.75385,0.79328,1.32867,0.76597,0.00257,0,0.0258523,0.00861744,0.0258523,0.00861744,0.0258523,0.00861744,0.0258523,0.00861744
175,10175.1,0.66046,0.81822,0.34046,0.00157,0.16535,0.93801,0.89827,0.93437,0.85085,0.92719,0.88701,0.91929,0.75728,0.80186,1.33476,0.75683,0.00262,0,0.0258214,0.00860714,0.0258214,0.00860714,0.0258214,0.00860714,0.0258214,0.00860714
176,10233.2,0.66031,0.80354,0.33639,0.00164,0.15037,0.94567,0.88941,0.93294,0.84729,0.93491,0.87918,0.91889,0.7433,0.78739,1.31207,0.75206,0.00256,0,0.0257905,0.00859683,0.0257905,0.00859683,0.0257905,0.00859683,0.0257905,0.00859683
177,10291.2,0.66089,0.80587,0.337,0.00159,0.1513,0.93912,0.89039,0.92608,0.84181,0.93284,0.88267,0.91755,0.75175,0.77753,1.30491,0.74773,0.00251,0,0.0257596,0.00858653,0.0257596,0.00858653,0.0257596,0.00858653,0.0257596,0.00858653
178,10349.8,0.65977,0.81676,0.34876,0.00157,0.17339,0.92726,0.89939,0.92968,0.84056,0.91806,0.89007,0.91704,0.7449,0.78224,1.33836,0.73839,0.00263,0,0.0257287,0.00857623,0.0257287,0.00857623,0.0257287,0.00857623,0.0257287,0.00857623
179,10407.5,0.65491,0.81657,0.33567,0.00162,0.16488,0.93763,0.89961,0.93017,0.84711,0.92877,0.89018,0.91913,0.75331,0.7855,1.30606,0.73506,0.00251,0,0.0256978,0.00856592,0.0256978,0.00856592,0.0256978,0.00856592,0.0256978,0.00856592
180,10464.8,0.64787,0.81677,0.33298,0.00157,0.1634,0.93465,0.88605,0.92798,0.84589,0.9267,0.87372,0.91716,0.75612,0.79491,1.30098,0.73737,0.00257,0,0.0256669,0.00855562,0.0256669,0.00855562,0.0256669,0.00855562,0.0256669,0.00855562
181,10523.6,0.6595,0.80421,0.33857,0.00157,0.15953,0.92907,0.89401,0.93015,0.85149,0.91919,0.88408,0.91894,0.77025,0.77362,1.30115,0.72889,0.00251,0,0.0256359,0.00854532,0.0256359,0.00854532,0.0256359,0.00854532,0.0256359,0.00854532
182,10582.1,0.66163,0.79101,0.33165,0.00162,0.16036,0.93777,0.89887,0.92943,0.84868,0.92831,0.88564,0.91584,0.75125,0.79346,1.33094,0.74106,0.00256,0,0.025605,0.00853501,0.025605,0.00853501,0.025605,0.00853501,0.025605,0.00853501
183,10639.8,0.65294,0.78972,0.32446,0.00154,0.14411,0.92972,0.89178,0.92183,0.84314,0.92198,0.88299,0.91009,0.75714,0.78592,1.33209,0.75981,0.00255,0,0.0255741,0.00852471,0.0255741,0.00852471,0.0255741,0.00852471,0.0255741,0.00852471
184,10697.6,0.6361,0.79538,0.32537,0.00157,0.1589,0.93097,0.89537,0.92625,0.84501,0.92041,0.88481,0.91374,0.74881,0.78378,1.32851,0.73407,0.00254,0,0.0255432,0.0085144,0.0255432,0.0085144,0.0255432,0.0085144,0.0255432,0.0085144
185,10755.9,0.65433,0.79184,0.32901,0.00157,0.14867,0.91663,0.90904,0.93018,0.84555,0.90626,0.8985,0.91728,0.75644,0.80158,1.32554,0.75102,0.00259,0,0.0255123,0.0085041,0.0255123,0.0085041,0.0255123,0.0085041,0.0255123,0.0085041
186,10813.8,0.65423,0.78736,0.32657,0.00155,0.14521,0.93596,0.89615,0.93311,0.84815,0.92704,0.88709,0.9229,0.75393,0.78537,1.34345,0.73922,0.00258,0,0.0254814,0.0084938,0.0254814,0.0084938,0.0254814,0.0084938,0.0254814,0.0084938
187,10872.3,0.64409,0.78269,0.328,0.00149,0.14918,0.93429,0.89736,0.93542,0.85403,0.9248,0.88825,0.92282,0.76299,0.77399,1.3145,0.73046,0.00252,0,0.0254505,0.00848349,0.0254505,0.00848349,0.0254505,0.00848349,0.0254505,0.00848349
188,10929.9,0.65051,0.78683,0.32967,0.00156,0.15437,0.93893,0.89528,0.92977,0.84821,0.92862,0.88554,0.91809,0.75626,0.78166,1.31993,0.73476,0.00255,0,0.0254196,0.00847319,0.0254196,0.00847319,0.0254196,0.00847319,0.0254196,0.00847319
189,10988.3,0.64432,0.7976,0.32638,0.00154,0.15636,0.94021,0.89186,0.92598,0.84568,0.9321,0.88278,0.91592,0.75428,0.77666,1.32312,0.76393,0.00251,0,0.0253887,0.00846289,0.0253887,0.00846289,0.0253887,0.00846289,0.0253887,0.00846289
190,11046.2,0.65341,0.7768,0.32868,0.00152,0.1482,0.928,0.89812,0.93181,0.84649,0.91806,0.88711,0.91802,0.75516,0.78249,1.31504,0.75489,0.00249,0,0.0253577,0.00845258,0.0253577,0.00845258,0.0253577,0.00845258,0.0253577,0.00845258
191,11105.5,0.65089,0.80638,0.32684,0.00145,0.15474,0.93613,0.89984,0.92328,0.84008,0.92886,0.89134,0.91377,0.7462,0.80261,1.35792,0.76132,0.00259,0,0.0253268,0.00844228,0.0253268,0.00844228,0.0253268,0.00844228,0.0253268,0.00844228
192,11162.6,0.6301,0.78014,0.32233,0.0016,0.16104,0.95192,0.87364,0.92259,0.83763,0.94237,0.86461,0.90961,0.74402,0.78939,1.36874,0.75565,0.00255,0,0.0252959,0.00843197,0.0252959,0.00843197,0.0252959,0.00843197,0.0252959,0.00843197
193,11219.9,0.64849,0.79461,0.33146,0.00157,0.16155,0.94324,0.87574,0.92685,0.8419,0.93593,0.86579,0.91435,0.75308,0.78461,1.35494,0.74874,0.00261,0,0.025265,0.00842167,0.025265,0.00842167,0.025265,0.00842167,0.025265,0.00842167
194,11277.7,0.63199,0.79361,0.3174,0.00151,0.14906,0.9369,0.86857,0.92819,0.84431,0.92956,0.86007,0.91894,0.75597,0.7833,1.34965,0.75152,0.00254,0,0.0252341,0.00841137,0.0252341,0.00841137,0.0252341,0.00841137,0.0252341,0.00841137
195,11335.9,0.64964,0.79662,0.32342,0.00151,0.14807,0.94072,0.86489,0.91938,0.83765,0.93056,0.8535,0.90679,0.75052,0.78751,1.32091,0.76619,0.00254,0,0.0252032,0.00840106,0.0252032,0.00840106,0.0252032,0.00840106,0.0252032,0.00840106
196,11394.4,0.65733,0.79307,0.32982,0.00154,0.16326,0.9243,0.87405,0.91912,0.83445,0.91743,0.86703,0.9103,0.74861,0.77749,1.33809,0.73902,0.0025,0,0.0251723,0.00839076,0.0251723,0.00839076,0.0251723,0.00839076,0.0251723,0.00839076
197,11452.8,0.64168,0.79378,0.32508,0.00155,0.15748,0.93022,0.88818,0.92431,0.8445,0.92163,0.87963,0.91515,0.74723,0.79352,1.31169,0.78536,0.00253,0,0.0251414,0.00838046,0.0251414,0.00838046,0.0251414,0.00838046,0.0251414,0.00838046
198,11512,0.64346,0.77886,0.32356,0.0015,0.15661,0.94186,0.88432,0.93421,0.8544,0.93258,0.87409,0.92157,0.76413,0.77535,1.29192,0.77062,0.00249,0,0.0251105,0.00837015,0.0251105,0.00837015,0.0251105,0.00837015,0.0251105,0.00837015
199,11569.8,0.63225,0.77418,0.31911,0.00156,0.15927,0.93653,0.88586,0.9245,0.83962,0.92858,0.87769,0.91498,0.74646,0.78225,1.34513,0.76169,0.00253,0,0.0250795,0.00835985,0.0250795,0.00835985,0.0250795,0.00835985,0.0250795,0.00835985
200,11627.4,0.64258,0.78224,0.3158,0.00153,0.15447,0.93325,0.88571,0.92453,0.84228,0.92448,0.87689,0.91351,0.74952,0.78658,1.34496,0.74753,0.00251,0,0.0250486,0.00834954,0.0250486,0.00834954,0.0250486,0.00834954,0.0250486,0.00834954
201,11684.6,0.64093,0.77485,0.31723,0.00157,0.14439,0.93515,0.88642,0.92495,0.84162,0.92665,0.87837,0.9156,0.7533,0.78274,1.33824,0.74725,0.00255,0,0.0250177,0.00833924,0.0250177,0.00833924,0.0250177,0.00833924,0.0250177,0.00833924
202,11742.9,0.64916,0.79011,0.31988,0.00152,0.12969,0.92594,0.88413,0.91807,0.83931,0.91599,0.87374,0.9052,0.75011,0.7798,1.33452,0.75678,0.0025,0,0.0249868,0.00832894,0.0249868,0.00832894,0.0249868,0.00832894,0.0249868,0.00832894
203,11799.9,0.63484,0.77995,0.3165,0.00152,0.13839,0.92984,0.88822,0.91554,0.83743,0.92121,0.87923,0.90536,0.74712,0.78209,1.3252,0.75187,0.00253,0,0.0249559,0.00831863,0.0249559,0.00831863,0.0249559,0.00831863,0.0249559,0.00831863
204,11857.9,0.63841,0.78229,0.31769,0.00151,0.15836,0.9309,0.89005,0.92388,0.84278,0.92318,0.88268,0.91488,0.7507,0.78559,1.3364,0.77508,0.00255,0,0.024925,0.00830833,0.024925,0.00830833,0.024925,0.00830833,0.024925,0.00830833
205,11915.4,0.6285,0.77492,0.31731,0.00147,0.14819,0.9344,0.8787,0.92458,0.84633,0.92678,0.86674,0.90746,0.74847,0.79268,1.33758,0.76359,0.00253,0,0.0248941,0.00829802,0.0248941,0.00829802,0.0248941,0.00829802,0.0248941,0.00829802
206,11972.3,0.63843,0.77644,0.32614,0.00157,0.15453,0.92732,0.89638,0.92495,0.84195,0.9188,0.88802,0.916,0.75264,0.78809,1.3768,0.77029,0.00256,0,0.0248632,0.00828772,0.0248632,0.00828772,0.0248632,0.00828772,0.0248632,0.00828772
207,12029.9,0.63042,0.77521,0.3225,0.00153,0.1648,0.92443,0.88968,0.92545,0.84563,0.91597,0.88041,0.91557,0.74503,0.79515,1.3439,0.77833,0.00255,0,0.0248323,0.00827742,0.0248323,0.00827742,0.0248323,0.00827742,0.0248323,0.00827742
208,12088.3,0.62951,0.78513,0.3223,0.00149,0.15277,0.93695,0.89634,0.93209,0.85384,0.92497,0.88447,0.91861,0.75181,0.7945,1.35521,0.77134,0.00256,0,0.0248013,0.00826711,0.0248013,0.00826711,0.0248013,0.00826711,0.0248013,0.00826711
209,12146.5,0.63895,0.76846,0.32102,0.00152,0.15357,0.92875,0.90157,0.92891,0.85023,0.92222,0.89502,0.92078,0.75962,0.77657,1.38317,0.7605,0.00252,0,0.0247704,0.00825681,0.0247704,0.00825681,0.0247704,0.00825681,0.0247704,0.00825681
210,12203.6,0.63191,0.75623,0.31261,0.00154,0.13492,0.94342,0.88137,0.93577,0.85807,0.93814,0.87247,0.92713,0.77161,0.78068,1.35342,0.76069,0.00251,0,0.0247395,0.00824651,0.0247395,0.00824651,0.0247395,0.00824651,0.0247395,0.00824651
211,12262.3,0.62445,0.77936,0.31199,0.00142,0.13375,0.93134,0.8879,0.92324,0.84448,0.91514,0.88241,0.90954,0.75291,0.79072,1.34978,0.7501,0.00253,0,0.0247086,0.0082362,0.0247086,0.0082362,0.0247086,0.0082362,0.0247086,0.0082362
212,12321.2,0.63398,0.78651,0.31885,0.00147,0.15074,0.92598,0.89245,0.92133,0.84533,0.91857,0.88164,0.91273,0.7548,0.78348,1.35979,0.74559,0.00251,0,0.0246777,0.0082259,0.0246777,0.0082259,0.0246777,0.0082259,0.0246777,0.0082259
213,12378,0.62702,0.75556,0.31573,0.00158,0.14985,0.93967,0.88624,0.92798,0.84832,0.93128,0.87575,0.91554,0.75195,0.78738,1.32977,0.77294,0.00251,0,0.0246468,0.00821559,0.0246468,0.00821559,0.0246468,0.00821559,0.0246468,0.00821559
214,12435.1,0.61581,0.7657,0.30809,0.00153,0.1767,0.92881,0.90782,0.93315,0.8545,0.91816,0.89723,0.92134,0.76098,0.77318,1.33472,0.73796,0.00254,0,0.0246159,0.00820529,0.0246159,0.00820529,0.0246159,0.00820529,0.0246159,0.00820529
215,12493.1,0.63205,0.77508,0.31491,0.00147,0.15081,0.93337,0.88082,0.9211,0.83974,0.92234,0.8702,0.90741,0.74678,0.774,1.34922,0.76172,0.0025,0,0.024585,0.00819499,0.024585,0.00819499,0.024585,0.00819499,0.024585,0.00819499
216,12551.4,0.64676,0.7767,0.31857,0.00153,0.14683,0.93317,0.87597,0.92312,0.84029,0.9232,0.86656,0.91145,0.74737,0.78002,1.3588,0.77392,0.00252,0,0.024554,0.00818468,0.024554,0.00818468,0.024554,0.00818468,0.024554,0.00818468
217,12609,0.6324,0.75982,0.3088,0.00152,0.13948,0.91845,0.89345,0.92399,0.84045,0.92366,0.86624,0.90907,0.74537,0.7852,1.37293,0.76676,0.00249,0,0.0245231,0.00817438,0.0245231,0.00817438,0.0245231,0.00817438,0.0245231,0.00817438
218,12667,0.62215,0.76143,0.3067,0.00148,0.14585,0.93409,0.88448,0.92866,0.84591,0.92867,0.86667,0.91316,0.75561,0.78118,1.3186,0.74598,0.00248,0,0.0244922,0.00816408,0.0244922,0.00816408,0.0244922,0.00816408,0.0244922,0.00816408
219,12724.8,0.62,0.75639,0.30789,0.00146,0.15743,0.92338,0.89084,0.92868,0.84475,0.91282,0.87986,0.91383,0.75132,0.7753,1.34517,0.74982,0.00253,0,0.0244613,0.00815377,0.0244613,0.00815377,0.0244613,0.00815377,0.0244613,0.00815377
220,12782.2,0.60658,0.75981,0.30361,0.00155,0.1467,0.92889,0.89088,0.9323,0.84539,0.92132,0.88184,0.92137,0.75125,0.78736,1.33785,0.75963,0.00255,0,0.0244304,0.00814347,0.0244304,0.00814347,0.0244304,0.00814347,0.0244304,0.00814347
221,12839.5,0.62025,0.76699,0.30969,0.0015,0.15932,0.94095,0.87977,0.92175,0.83963,0.93006,0.86951,0.90863,0.75282,0.79123,1.3693,0.78073,0.00258,0,0.0243995,0.00813316,0.0243995,0.00813316,0.0243995,0.00813316,0.0243995,0.00813316
222,12896.2,0.62714,0.76579,0.31071,0.00157,0.15801,0.93677,0.88982,0.92654,0.84445,0.92627,0.88102,0.91395,0.75595,0.78687,1.32139,0.77536,0.00256,0,0.0243686,0.00812286,0.0243686,0.00812286,0.0243686,0.00812286,0.0243686,0.00812286
223,12953.5,0.6187,0.77876,0.31022,0.00147,0.1446,0.94315,0.87063,0.92028,0.83969,0.93233,0.86093,0.90804,0.75202,0.79029,1.3461,0.77417,0.00257,0,0.0243377,0.00811256,0.0243377,0.00811256,0.0243377,0.00811256,0.0243377,0.00811256
224,13012.1,0.63156,0.76847,0.3105,0.00145,0.15444,0.92043,0.89321,0.92154,0.83749,0.9132,0.88562,0.91196,0.74892,0.78027,1.33857,0.76561,0.00255,0,0.0243068,0.00810225,0.0243068,0.00810225,0.0243068,0.00810225,0.0243068,0.00810225
225,13070.5,0.61828,0.75831,0.30381,0.00152,0.16178,0.93883,0.89467,0.93014,0.84622,0.92841,0.88445,0.91562,0.75553,0.77578,1.32822,0.7565,0.00251,0,0.0242758,0.00809195,0.0242758,0.00809195,0.0242758,0.00809195,0.0242758,0.00809195
226,13128.6,0.6133,0.75852,0.30486,0.00146,0.14998,0.93676,0.89007,0.92541,0.84498,0.92612,0.87998,0.9108,0.75335,0.77135,1.33198,0.74195,0.00248,0,0.0242449,0.00808165,0.0242449,0.00808165,0.0242449,0.00808165,0.0242449,0.00808165
227,13187,0.62248,0.75202,0.30875,0.00144,0.14788,0.94453,0.88381,0.92919,0.8467,0.93499,0.87391,0.91461,0.75603,0.76957,1.33452,0.721,0.00245,0,0.024214,0.00807134,0.024214,0.00807134,0.024214,0.00807134,0.024214,0.00807134
228,13245.5,0.61805,0.75233,0.30302,0.00141,0.15493,0.94153,0.86925,0.93394,0.85153,0.93356,0.85912,0.92178,0.75977,0.77667,1.34158,0.75424,0.0025,0,0.0241831,0.00806104,0.0241831,0.00806104,0.0241831,0.00806104,0.0241831,0.00806104
229,13303.5,0.61504,0.75762,0.3048,0.00148,0.15622,0.94354,0.90024,0.93942,0.85622,0.9397,0.88569,0.92774,0.76585,0.78537,1.34095,0.74615,0.00255,0,0.0241522,0.00805073,0.0241522,0.00805073,0.0241522,0.00805073,0.0241522,0.00805073
230,13361.7,0.61149,0.75898,0.30754,0.0015,0.1628,0.9289,0.88806,0.92196,0.83853,0.92516,0.87956,0.91474,0.74995,0.78107,1.33942,0.74577,0.00257,0,0.0241213,0.00804043,0.0241213,0.00804043,0.0241213,0.00804043,0.0241213,0.00804043
231,13420.2,0.6218,0.76198,0.30699,0.00144,0.1448,0.94396,0.87271,0.92237,0.83804,0.9361,0.86411,0.91306,0.7465,0.78381,1.33242,0.75626,0.00254,0,0.0240904,0.00803013,0.0240904,0.00803013,0.0240904,0.00803013,0.0240904,0.00803013
232,13478,0.63189,0.75319,0.31067,0.00148,0.1401,0.92903,0.88732,0.92704,0.84653,0.93827,0.86331,0.91225,0.75592,0.77915,1.32735,0.75923,0.00254,0,0.0240595,0.00801982,0.0240595,0.00801982,0.0240595,0.00801982,0.0240595,0.00801982
233,13536.3,0.63726,0.75151,0.30591,0.0015,0.14192,0.94654,0.88865,0.93446,0.85088,0.93907,0.88095,0.92521,0.75606,0.78191,1.3304,0.75174,0.00254,0,0.0240286,0.00800952,0.0240286,0.00800952,0.0240286,0.00800952,0.0240286,0.00800952
234,13594.6,0.62619,0.76221,0.30577,0.00144,0.14298,0.93626,0.89604,0.9327,0.85145,0.9263,0.88495,0.919,0.7522,0.77967,1.32822,0.74988,0.00253,0,0.0239976,0.00799921,0.0239976,0.00799921,0.0239976,0.00799921,0.0239976,0.00799921
235,13651.9,0.60248,0.75207,0.29848,0.00148,0.13573,0.94685,0.88792,0.93422,0.85124,0.93768,0.87882,0.91973,0.76189,0.77701,1.31003,0.7544,0.00251,0,0.0239667,0.00798891,0.0239667,0.00798891,0.0239667,0.00798891,0.0239667,0.00798891
236,13710.2,0.62979,0.76032,0.30523,0.00148,0.13778,0.94311,0.89393,0.93096,0.84641,0.93646,0.88486,0.92203,0.74818,0.7783,1.33093,0.72702,0.00251,0,0.0239358,0.00797861,0.0239358,0.00797861,0.0239358,0.00797861,0.0239358,0.00797861
237,13767.5,0.60988,0.75591,0.30056,0.00148,0.15098,0.94552,0.87282,0.92429,0.84192,0.93501,0.86352,0.91203,0.75438,0.7905,1.33714,0.7566,0.00259,0,0.0239049,0.0079683,0.0239049,0.0079683,0.0239049,0.0079683,0.0239049,0.0079683
238,13825.1,0.61481,0.73726,0.29605,0.00145,0.14134,0.94425,0.88568,0.92514,0.84248,0.93404,0.87548,0.91164,0.75057,0.77752,1.34747,0.74178,0.00253,0,0.023874,0.007958,0.023874,0.007958,0.023874,0.007958,0.023874,0.007958
239,13882,0.61216,0.74449,0.29577,0.00147,0.14449,0.93451,0.88713,0.92681,0.84603,0.93348,0.87217,0.9159,0.75465,0.7785,1.32297,0.73724,0.00251,0,0.0238431,0.0079477,0.0238431,0.0079477,0.0238431,0.0079477,0.0238431,0.0079477
240,13940,0.62064,0.74501,0.29647,0.00148,0.13861,0.94537,0.88337,0.92434,0.83808,0.93581,0.8731,0.91081,0.74458,0.78568,1.31402,0.74249,0.00251,0,0.0238122,0.00793739,0.0238122,0.00793739,0.0238122,0.00793739,0.0238122,0.00793739
241,13998.8,0.61279,0.73912,0.29957,0.00144,0.14763,0.94567,0.88738,0.92813,0.84209,0.93574,0.87782,0.91547,0.74574,0.79182,1.33977,0.7614,0.00258,0,0.0237813,0.00792709,0.0237813,0.00792709,0.0237813,0.00792709,0.0237813,0.00792709
242,14057,0.60546,0.74419,0.29738,0.00144,0.14665,0.92839,0.89345,0.93105,0.84122,0.91763,0.88284,0.91379,0.75187,0.77837,1.35734,0.77565,0.00255,0,0.0237504,0.00791678,0.0237504,0.00791678,0.0237504,0.00791678,0.0237504,0.00791678
243,14115,0.6187,0.74354,0.301,0.0015,0.13333,0.93805,0.88798,0.92531,0.83912,0.93057,0.8751,0.91218,0.74199,0.79291,1.34574,0.78153,0.0026,0,0.0237194,0.00790648,0.0237194,0.00790648,0.0237194,0.00790648,0.0237194,0.00790648
244,14172.4,0.61478,0.74195,0.29978,0.00148,0.14428,0.94906,0.88339,0.92843,0.84631,0.94171,0.87778,0.92047,0.75819,0.77623,1.3699,0.75022,0.00251,0,0.0236885,0.00789618,0.0236885,0.00789618,0.0236885,0.00789618,0.0236885,0.00789618
245,14230.3,0.61157,0.74657,0.29888,0.00145,0.15044,0.9424,0.88656,0.92733,0.84113,0.93666,0.87717,0.91785,0.75409,0.78346,1.34383,0.75907,0.00253,0,0.0236576,0.00788587,0.0236576,0.00788587,0.0236576,0.00788587,0.0236576,0.00788587
246,14288.6,0.61157,0.75038,0.29621,0.00143,0.15181,0.93116,0.89769,0.92766,0.84449,0.92052,0.88704,0.91442,0.75703,0.77912,1.36174,0.74275,0.00251,0,0.0236267,0.00787557,0.0236267,0.00787557,0.0236267,0.00787557,0.0236267,0.00787557
247,14346,0.60518,0.7314,0.2943,0.00143,0.13804,0.94134,0.88101,0.92702,0.84284,0.9314,0.87033,0.91292,0.75058,0.78224,1.34062,0.75519,0.00251,0,0.0235958,0.00786527,0.0235958,0.00786527,0.0235958,0.00786527,0.0235958,0.00786527
248,14404.2,0.61645,0.72923,0.29586,0.00138,0.13598,0.93821,0.87779,0.92777,0.84228,0.92793,0.86786,0.91134,0.75394,0.7791,1.34536,0.76448,0.00253,0,0.0235649,0.00785496,0.0235649,0.00785496,0.0235649,0.00785496,0.0235649,0.00785496
249,14461.8,0.60925,0.75154,0.29239,0.00143,0.13566,0.93802,0.87862,0.92438,0.84415,0.92766,0.86906,0.91306,0.75023,0.78041,1.34248,0.7773,0.00251,0,0.023534,0.00784466,0.023534,0.00784466,0.023534,0.00784466,0.023534,0.00784466
250,14519.9,0.61344,0.75022,0.28958,0.00145,0.13631,0.9344,0.90511,0.93148,0.84956,0.92376,0.89441,0.91894,0.75301,0.77985,1.34782,0.76564,0.00247,0,0.0235031,0.00783435,0.0235031,0.00783435,0.0235031,0.00783435,0.0235031,0.00783435
251,14577.8,0.6054,0.74961,0.28939,0.00142,0.12843,0.94766,0.89585,0.9322,0.85095,0.93793,0.88573,0.91873,0.76043,0.78215,1.3455,0.76416,0.0025,0,0.0234721,0.00782405,0.0234721,0.00782405,0.0234721,0.00782405,0.0234721,0.00782405
252,14636.6,0.61162,0.75463,0.2943,0.00142,0.13605,0.93667,0.90212,0.92916,0.84697,0.92641,0.89212,0.91568,0.75495,0.78251,1.36835,0.75809,0.0025,0,0.0234412,0.00781375,0.0234412,0.00781375,0.0234412,0.00781375,0.0234412,0.00781375
253,14694.6,0.61049,0.75011,0.29406,0.00139,0.13386,0.93898,0.87498,0.92319,0.8393,0.92874,0.86452,0.90907,0.74448,0.78791,1.35952,0.77248,0.00252,0,0.0234103,0.00780344,0.0234103,0.00780344,0.0234103,0.00780344,0.0234103,0.00780344
254,14752.5,0.59376,0.72488,0.28572,0.00137,0.13717,0.93544,0.89284,0.93148,0.85047,0.93049,0.88418,0.92382,0.7573,0.77524,1.35145,0.7496,0.00247,0,0.0233794,0.00779314,0.0233794,0.00779314,0.0233794,0.00779314,0.0233794,0.00779314
255,14809.8,0.59086,0.73895,0.29369,0.00143,0.13377,0.93784,0.8862,0.92358,0.84148,0.93056,0.87676,0.91472,0.74568,0.77653,1.3574,0.76412,0.00248,0,0.0233485,0.00778283,0.0233485,0.00778283,0.0233485,0.00778283,0.0233485,0.00778283
256,14868.3,0.6151,0.73734,0.29774,0.0014,0.13603,0.94426,0.88636,0.9238,0.83988,0.93474,0.87699,0.91198,0.75014,0.7832,1.36745,0.75208,0.00252,0,0.0233176,0.00777253,0.0233176,0.00777253,0.0233176,0.00777253,0.0233176,0.00777253
257,14925.5,0.60427,0.73967,0.29019,0.00142,0.14164,0.92254,0.90974,0.92823,0.84212,0.91114,0.898,0.9135,0.75013,0.77643,1.33693,0.7504,0.0025,0,0.0232867,0.00776223,0.0232867,0.00776223,0.0232867,0.00776223,0.0232867,0.00776223
258,14983.1,0.59308,0.73266,0.28914,0.00141,0.13983,0.94795,0.89003,0.92745,0.84805,0.93823,0.88007,0.91586,0.75617,0.78413,1.35987,0.74305,0.00256,0,0.0232558,0.00775192,0.0232558,0.00775192,0.0232558,0.00775192,0.0232558,0.00775192
259,15041.1,0.59894,0.74892,0.29123,0.00143,0.14086,0.94365,0.8914,0.9245,0.84579,0.93403,0.88165,0.91208,0.75669,0.77608,1.33806,0.73682,0.0025,0,0.0232249,0.00774162,0.0232249,0.00774162,0.0232249,0.00774162,0.0232249,0.00774162
260,15097.9,0.59475,0.74315,0.29275,0.00142,0.13633,0.94055,0.89946,0.93066,0.85185,0.92889,0.88184,0.91943,0.75829,0.77697,1.33242,0.74462,0.00251,0,0.0231939,0.00773132,0.0231939,0.00773132,0.0231939,0.00773132,0.0231939,0.00773132
261,15154.7,0.60053,0.74499,0.28961,0.00143,0.1398,0.9245,0.90002,0.92749,0.84399,0.9146,0.88987,0.91436,0.74781,0.78772,1.33956,0.75563,0.00252,0,0.023163,0.00772101,0.023163,0.00772101,0.023163,0.00772101,0.023163,0.00772101
262,15212.2,0.60661,0.7366,0.29198,0.00141,0.13234,0.94084,0.87393,0.92784,0.84632,0.93096,0.86523,0.91698,0.75944,0.7794,1.34022,0.77661,0.00246,0,0.0231321,0.00771071,0.0231321,0.00771071,0.0231321,0.00771071,0.0231321,0.00771071
263,15269.4,0.60456,0.7213,0.28727,0.00142,0.13044,0.93759,0.88647,0.92966,0.84686,0.92971,0.87847,0.9217,0.75288,0.78252,1.34768,0.76363,0.00245,0,0.0231012,0.0077004,0.0231012,0.0077004,0.0231012,0.0077004,0.0231012,0.0077004
264,15326.7,0.5949,0.73107,0.28076,0.0014,0.11775,0.94242,0.89183,0.93078,0.84862,0.93559,0.88554,0.92405,0.76828,0.78183,1.33355,0.76631,0.0025,0,0.0230703,0.0076901,0.0230703,0.0076901,0.0230703,0.0076901,0.0230703,0.0076901
265,15385.3,0.60705,0.7509,0.28773,0.00143,0.12792,0.9444,0.88452,0.92662,0.84844,0.93494,0.87558,0.9144,0.75663,0.77646,1.34845,0.75075,0.00249,0,0.0230394,0.0076798,0.0230394,0.0076798,0.0230394,0.0076798,0.0230394,0.0076798
266,15443,0.5898,0.72196,0.27919,0.00147,0.14416,0.9373,0.88856,0.92516,0.84543,0.92675,0.8787,0.91265,0.74798,0.77638,1.35652,0.75152,0.00248,0,0.0230085,0.00766949,0.0230085,0.00766949,0.0230085,0.00766949,0.0230085,0.00766949
267,15500.5,0.60047,0.7282,0.28166,0.0014,0.1424,0.93619,0.90223,0.92798,0.84846,0.9276,0.89109,0.91677,0.75467,0.77851,1.36008,0.7442,0.0025,0,0.0229776,0.00765919,0.0229776,0.00765919,0.0229776,0.00765919,0.0229776,0.00765919
268,15557.7,0.58955,0.72898,0.2809,0.00139,0.13196,0.92649,0.89138,0.92897,0.84848,0.91572,0.8813,0.91592,0.75614,0.76838,1.33122,0.74429,0.00245,0,0.0229467,0.00764889,0.0229467,0.00764889,0.0229467,0.00764889,0.0229467,0.00764889
269,15615.1,0.59808,0.735,0.29029,0.0014,0.14321,0.93053,0.90292,0.92207,0.83772,0.92152,0.89375,0.91103,0.74812,0.78077,1.33235,0.77136,0.00253,0,0.0229157,0.00763858,0.0229157,0.00763858,0.0229157,0.00763858,0.0229157,0.00763858
270,15672.3,0.60098,0.72456,0.28652,0.00141,0.1489,0.93822,0.90167,0.93004,0.85013,0.92689,0.89037,0.91688,0.76336,0.7874,1.36049,0.76979,0.00255,0,0.0228848,0.00762828,0.0228848,0.00762828,0.0228848,0.00762828,0.0228848,0.00762828
271,15730.3,0.5997,0.71871,0.28846,0.00143,0.13647,0.93748,0.90685,0.93287,0.85296,0.92709,0.89651,0.9203,0.75513,0.792,1.3644,0.74303,0.00252,0,0.0228539,0.00761797,0.0228539,0.00761797,0.0228539,0.00761797,0.0228539,0.00761797
272,15788.3,0.60336,0.73202,0.28688,0.00138,0.12421,0.94061,0.9069,0.93572,0.86105,0.93295,0.89905,0.92788,0.77188,0.77072,1.34676,0.7413,0.00245,0,0.022823,0.00760767,0.022823,0.00760767,0.022823,0.00760767,0.022823,0.00760767
273,15846.3,0.60387,0.71786,0.28447,0.00138,0.12584,0.94369,0.87985,0.92345,0.84853,0.93349,0.86993,0.91195,0.763,0.76951,1.35498,0.75233,0.00244,0,0.0227921,0.00759737,0.0227921,0.00759737,0.0227921,0.00759737,0.0227921,0.00759737
274,15904.1,0.59709,0.7131,0.28231,0.00141,0.14293,0.93193,0.8954,0.92543,0.8467,0.92158,0.88508,0.91271,0.74832,0.78055,1.35601,0.75111,0.00249,0,0.0227612,0.00758706,0.0227612,0.00758706,0.0227612,0.00758706,0.0227612,0.00758706
275,15961.1,0.59941,0.7253,0.28368,0.00142,0.13291,0.9318,0.90016,0.92693,0.84646,0.9201,0.88867,0.91283,0.74573,0.77739,1.36408,0.75451,0.00247,0,0.0227303,0.00757676,0.0227303,0.00757676,0.0227303,0.00757676,0.0227303,0.00757676
276,16019.2,0.59112,0.7183,0.28019,0.00138,0.13629,0.93114,0.90549,0.92664,0.84785,0.92051,0.89501,0.91412,0.75602,0.77176,1.37178,0.75379,0.00245,0,0.0226994,0.00756645,0.0226994,0.00756645,0.0226994,0.00756645,0.0226994,0.00756645
277,16076.2,0.58922,0.72608,0.27999,0.00138,0.13459,0.942,0.8965,0.92721,0.84821,0.9334,0.88474,0.91571,0.75888,0.77973,1.38217,0.75312,0.00252,0,0.0226685,0.00755615,0.0226685,0.00755615,0.0226685,0.00755615,0.0226685,0.00755615
278,16134.2,0.58949,0.71765,0.27947,0.00137,0.13971,0.94099,0.89153,0.93614,0.85663,0.93081,0.88204,0.92242,0.76627,0.77902,1.36425,0.75859,0.00248,0,0.0226375,0.00754585,0.0226375,0.00754585,0.0226375,0.00754585,0.0226375,0.00754585
279,16192.6,0.60385,0.74408,0.285,0.00139,0.13488,0.94637,0.90162,0.93445,0.85556,0.93648,0.8922,0.91967,0.76141,0.76843,1.34508,0.74121,0.00244,0,0.0226066,0.00753554,0.0226066,0.00753554,0.0226066,0.00753554,0.0226066,0.00753554
280,16249.1,0.57868,0.72213,0.27696,0.00139,0.13321,0.94223,0.8958,0.92886,0.85311,0.93238,0.88599,0.91831,0.76,0.77925,1.35656,0.75684,0.00246,0,0.0225757,0.00752524,0.0225757,0.00752524,0.0225757,0.00752524,0.0225757,0.00752524
281,16307.3,0.60782,0.73435,0.2827,0.00132,0.12523,0.93825,0.88689,0.92981,0.85253,0.92821,0.8761,0.91715,0.75572,0.77697,1.36599,0.75608,0.00244,0,0.0225448,0.00751494,0.0225448,0.00751494,0.0225448,0.00751494,0.0225448,0.00751494
282,16364.6,0.59629,0.72514,0.28343,0.00136,0.13382,0.94505,0.89186,0.93579,0.85823,0.93508,0.88135,0.92001,0.75773,0.77476,1.36117,0.75245,0.00242,0,0.0225139,0.00750463,0.0225139,0.00750463,0.0225139,0.00750463,0.0225139,0.00750463
283,16421.8,0.58095,0.71367,0.27199,0.00142,0.13166,0.94794,0.89647,0.93553,0.85936,0.93827,0.88768,0.92161,0.7674,0.7718,1.35497,0.75318,0.00248,0,0.022483,0.00749433,0.022483,0.00749433,0.022483,0.00749433,0.022483,0.00749433
284,16479.1,0.59023,0.72231,0.27906,0.00136,0.14061,0.94605,0.89498,0.93755,0.86274,0.93717,0.88646,0.926,0.76951,0.77551,1.36847,0.7417,0.00245,0,0.0224521,0.00748402,0.0224521,0.00748402,0.0224521,0.00748402,0.0224521,0.00748402
285,16537.1,0.59274,0.72587,0.28139,0.00138,0.12646,0.94034,0.90407,0.93062,0.85297,0.93086,0.89317,0.91842,0.7597,0.77558,1.385,0.74125,0.00243,0,0.0224212,0.00747372,0.0224212,0.00747372,0.0224212,0.00747372,0.0224212,0.00747372
286,16593.6,0.5868,0.70228,0.27328,0.00144,0.13012,0.94647,0.88262,0.92702,0.84908,0.94323,0.87322,0.9186,0.75717,0.78094,1.38837,0.75284,0.00243,0,0.0223903,0.00746342,0.0223903,0.00746342,0.0223903,0.00746342,0.0223903,0.00746342
287,16651,0.58471,0.71262,0.2753,0.00136,0.11389,0.94038,0.89904,0.92572,0.84624,0.93033,0.88949,0.91187,0.75284,0.77617,1.37354,0.74279,0.00245,0,0.0223593,0.00745311,0.0223593,0.00745311,0.0223593,0.00745311,0.0223593,0.00745311
288,16709.9,0.58353,0.72492,0.27917,0.00137,0.14603,0.93946,0.89166,0.92455,0.85034,0.94805,0.86985,0.91606,0.7612,0.77428,1.36906,0.7593,0.00246,0,0.0223284,0.00744281,0.0223284,0.00744281,0.0223284,0.00744281,0.0223284,0.00744281
289,16766.9,0.58441,0.73342,0.28026,0.00139,0.13679,0.94789,0.86088,0.92214,0.84367,0.94413,0.85336,0.9124,0.75126,0.77608,1.36858,0.76358,0.00245,0,0.0222975,0.00743251,0.0222975,0.00743251,0.0222975,0.00743251,0.0222975,0.00743251
290,16823.6,0.56931,0.71926,0.27381,0.00137,0.12853,0.94517,0.89375,0.92716,0.8504,0.93689,0.8858,0.91742,0.75627,0.77606,1.37098,0.74042,0.00245,0,0.0222666,0.0074222,0.0222666,0.0074222,0.0222666,0.0074222,0.0222666,0.0074222
291,16881.3,0.58602,0.72247,0.27684,0.00133,0.12975,0.94438,0.88934,0.92512,0.84877,0.93735,0.88219,0.91684,0.76009,0.78146,1.3923,0.74598,0.00243,0,0.0222357,0.0074119,0.0222357,0.0074119,0.0222357,0.0074119,0.0222357,0.0074119
292,16940.2,0.59966,0.72457,0.28246,0.00133,0.14672,0.93525,0.88883,0.92568,0.84767,0.92491,0.87852,0.91307,0.75842,0.77666,1.39963,0.74843,0.00243,0,0.0222048,0.00740159,0.0222048,0.00740159,0.0222048,0.00740159,0.0222048,0.00740159
293,16997.5,0.58672,0.71206,0.27786,0.00138,0.13147,0.93996,0.89463,0.92572,0.84587,0.9304,0.8854,0.91261,0.75602,0.78024,1.37129,0.75216,0.00248,0,0.0221739,0.00739129,0.0221739,0.00739129,0.0221739,0.00739129,0.0221739,0.00739129
294,17055.8,0.59889,0.71492,0.2836,0.00133,0.12946,0.93734,0.9023,0.92964,0.85032,0.92708,0.89214,0.91699,0.75496,0.78254,1.37452,0.75375,0.00247,0,0.022143,0.00738099,0.022143,0.00738099,0.022143,0.00738099,0.022143,0.00738099
295,17113.7,0.57519,0.7045,0.27245,0.00133,0.13013,0.94619,0.87438,0.92496,0.84687,0.93618,0.86497,0.91216,0.7545,0.77334,1.34872,0.77357,0.00243,0,0.022112,0.00737068,0.022112,0.00737068,0.022112,0.00737068,0.022112,0.00737068
296,17171.1,0.57713,0.71709,0.27387,0.00138,0.13583,0.9464,0.88277,0.92478,0.8482,0.93937,0.87139,0.91273,0.7599,0.77358,1.3582,0.76928,0.00244,0,0.0220811,0.00736038,0.0220811,0.00736038,0.0220811,0.00736038,0.0220811,0.00736038
297,17229.9,0.58928,0.72106,0.27623,0.00131,0.13456,0.94393,0.89443,0.92881,0.8487,0.93408,0.88448,0.9171,0.75696,0.78053,1.35713,0.74538,0.00243,0,0.0220502,0.00735008,0.0220502,0.00735008,0.0220502,0.00735008,0.0220502,0.00735008
298,17286.9,0.57941,0.70334,0.27422,0.00132,0.13397,0.94328,0.89333,0.92837,0.84886,0.93432,0.88387,0.91274,0.75923,0.7798,1.37971,0.74617,0.00244,0,0.0220193,0.00733977,0.0220193,0.00733977,0.0220193,0.00733977,0.0220193,0.00733977
299,17343.8,0.57795,0.71308,0.27164,0.00141,0.14368,0.93119,0.89583,0.93132,0.85329,0.92179,0.88653,0.91595,0.76273,0.7829,1.37953,0.76601,0.00247,0,0.0219884,0.00732947,0.0219884,0.00732947,0.0219884,0.00732947,0.0219884,0.00732947
